use test;

--삭제쿼리 (주의!)
--drop table menu cascade;
--drop table temporders cascade;
--drop table orders cascade;
--drop table manager cascade;
--drop table sales cascade;

--메뉴 테이블
create table menu(
 mid varchar(50) primary key not null,
 category varchar(50) not null,
 name varchar(50) not null,
 price15 int(10),
 price30 int(10),
 event varchar(2),
 cal int(5),
 img varchar(200)
);

--임시 테이블 (주문테이블에 입력 전 임시주문)
create table temporders(
 mid varchar(50) not null,
 mname varchar(50) not null,
 price int(10) not null,
 options varchar(1000),
 qnt int(100) not null,
 optionprice int(10) not null
);


--주문 테이블 (*주의: order's'! order로 하면 생성오류남)
create table orders(
 ordernum varchar(20) not null,
 mid varchar(50) not null,
 canclenum varchar(20),
 status varchar(10),
 options varchar(1000),
 qnt int(100) not null,
 totalprice int(10) not null,
 regdate date not null,
 togo varchar(10),
 constraint fk_mid foreign key (mid) references menu (mid) on delete cascade
);

--관리자 테이블 (1명만 등록 가능-> count>0 이면 등록 불가)
create table manager(
 id varchar(50) not null,
 pw varchar(50) not null,
 name varchar(20),
 hpnum varchar(50),
 shop varchar(100),
 zipcode varchar(50),
 address varchar(200),
 address2 varchar(100)
);

--매출 테이블
create table sales(
 regdate datetime not null, 
 opentime varchar(50),
 closetime varchar(50),
 salcount int(20), 
 totalsal int(20) not null  
);

select * from menu;
select * from temporders;
select * from orders;
select * from manager;
select * from sales;


--샘플데이터 insert

--관리자 테이블
insert into manager(id,pw,name,hpnum,shop,zipcode,address,address2)values('you','1234','유재석','010-1234-5678','신촌점','03780','서울 서대문구 신촌로 121 (창천동, 아남오피스텔)','1층');
insert into manager(id,pw,name,hpnum,shop,zipcode,address,address2)values('admin','1234','관리자','010-1234-5678','일산마두역점','10414','경기 고양시 일산동구 장항동 890-5','105호');
insert into manager(id,pw,name,hpnum,shop,zipcode,address,address2)values('SUBWAY','1234','서브웨이','010-1234-5678','SUBWAY','06535','서울 서초구 강남대로 535 (반포동, 프린스빌딩)','15층');

--메뉴테이블
insert into menu(mid,category,name,price15,price30,event,cal,img)values('C-cl-05','C','이탈리안 비엠티',6200,0,'Y',230,'C-cl-05.jpg');
insert into menu(mid,category,name,price15,price30,event,cal,img)values('C-cl-06','C','비엘티',6200,0,'',210,'C-cl-06.jpg');
insert into menu(mid,category,name,price15,price30,event,cal,img)values('C-cl-07','C','미트볼',6200,0,'',310,'C-cl-07.jpg');
insert into menu(mid,category,name,price15,price30,event,cal,img)values('C-cl-08','C','햄',5800,0,'',110,'C-cl-08.jpg');
insert into menu(mid,category,name,price15,price30,event,cal,img)values('C-cl-09','C','참치',5800,0,'',310,'C-cl-09.jpg');
insert into menu(mid,category,name,price15,price30,event,cal,img)values('C-cl-10','C','에그마요',5400,0,'',300,'C-cl-10.jpg');
insert into menu(mid,category,name,price15,price30,event,cal,img)values('C-fl-03','C','베지 아보카도',6200,0,'',120,'C-fl-03.jpg');
insert into menu(mid,category,name,price15,price30,event,cal,img)values('C-fl-11','C','로티세리 치킨',6600,0,'',170,'C-fl-11.jpg');
insert into menu(mid,category,name,price15,price30,event,cal,img)values('C-fl-12','C','로스트 치킨',7000,0,'',150,'C-fl-12.jpg');
insert into menu(mid,category,name,price15,price30,event,cal,img)values('C-fl-13','C','로스트 비프',7000,0,'',140,'C-fl-13.jpg');
insert into menu(mid,category,name,price15,price30,event,cal,img)values('C-fl-14','C','써브웨이 클럽',6600,0,'',140,'C-fl-14.jpg');
insert into menu(mid,category,name,price15,price30,event,cal,img)values('C-fl-15','C','터키',6200,0,'',110,'C-fl-15.jpg');
insert into menu(mid,category,name,price15,price30,event,cal,img)values('C-fl-16','C','베지',5000,0,'',60,'C-fl-16.jpg');
insert into menu(mid,category,name,price15,price30,event,cal,img)values('C-pm-01','C','스파이시 이탈리안 아보카도',7000,0,'',370,'C-pm-01.jpg');
insert into menu(mid,category,name,price15,price30,event,cal,img)values('C-pm-02','C','터키 베이컨 아보카도',6600,0,'',240,'C-pm-02.jpg');
insert into menu(mid,category,name,price15,price30,event,cal,img)values('C-pm-04','C','풀드포크',6600,0,'',250,'C-pm-04.jpg');
insert into menu(mid,category,name,price15,price30,event,cal,img)values('C-pm-17','C','스테이크  치즈',7000,0,'',210,'C-pm-17.jpg');
insert into menu(mid,category,name,price15,price30,event,cal,img)values('C-pm-19','C','치킨 베이컨 랜치',7000,0,'',540,'C-pm-19.jpg');
insert into menu(mid,category,name,price15,price30,event,cal,img)values('C-pm-19','C','치킨 베이컨 랜치',7000,0,'',540,'C-pm-19.jpg');
insert into menu(mid,category,name,price15,price30,event,cal,img)values('C-pm-20','C','써브웨이 멜트',7000,0,'',188,'C-pm-20.jpg');
insert into menu(mid,category,name,price15,price30,event,cal,img)values('C-pm-21','C','터키 베이컨',6600,0,'',280,'C-pm-21.jpg');
insert into menu(mid,category,name,price15,price30,event,cal,img)values('C-pm-22','C','스파이시 이탈리안',6600,0,'',310,'C-pm-22.jpg');
insert into menu(mid,category,name,price15,price30,event,cal,img)values('C-pm-23','C','치킨 데리야끼',6600,0,'',230,'C-pm-23.jpg');
insert into menu(mid,category,name,price15,price30,event,cal,img)values('CH-01','V','아메리칸 치즈',0,0,'',50,'CH-01.jpg');
insert into menu(mid,category,name,price15,price30,event,cal,img)values('CH-02','V','슈레드 치즈',0,0,'',50,'CH-02.jpg');
insert into menu(mid,category,name,price15,price30,event,cal,img)values('D-DR-09','D','탄산음료',1500,0,'',0,'D-DR-09.jpg');
insert into menu(mid,category,name,price15,price30,event,cal,img)values('D-DR-10','D','커피',1000,0,'',0,'D-DR-10.jpg');
insert into menu(mid,category,name,price15,price30,event,cal,img)values('D-DR-11','D','물',1000,0,'',0,'D-DR-11.jpg');
insert into menu(mid,category,name,price15,price30,event,cal,img)values('D-SD-01','D','브로콜리  체더치즈 수프',2900,0,'',170,'D-SD-01.jpg');
insert into menu(mid,category,name,price15,price30,event,cal,img)values('D-SD-02','D','베이컨 포테이토 수프',2900,0,'',210,'D-SD-02.jpg');
insert into menu(mid,category,name,price15,price30,event,cal,img)values('D-SD-03','D','더블 초코칩 쿠키',1000,0,'',210,'D-SD-03.jpg');
insert into menu(mid,category,name,price15,price30,event,cal,img)values('D-SD-04','D','초코칩 쿠키',1000,0,'',200,'D-SD-04.jpg');
insert into menu(mid,category,name,price15,price30,event,cal,img)values('D-SD-05','D','오트밀 레이즌',1000,0,'',200,'D-SD-05.jpg');
insert into menu(mid,category,name,price15,price30,event,cal,img)values('D-SD-06','D','라즈베리 치즈케익',1000,0,'',200,'D-SD-06.jpg');
insert into menu(mid,category,name,price15,price30,event,cal,img)values('D-SD-07','D','화이트 초코 마카다미아',1000,0,'',220,'D-SD-07.jpg');
insert into menu(mid,category,name,price15,price30,event,cal,img)values('D-SD-08','D','칩',1000,0,'',0,'D-SD-08.jpg');
insert into menu(mid,category,name,price15,price30,event,cal,img)values('M-01-01','M','블랙 포레스트햄 에그 치즈',2900,0,'',400,'M-01-01.jpg');
insert into menu(mid,category,name,price15,price30,event,cal,img)values('M-02-01','M','웨스턴, 에그  치즈',2900,0,'',370,'M-02-01.jpg');
insert into menu(mid,category,name,price15,price30,event,cal,img)values('M-03-01','M','베이컨, 에그치즈',2900,0,'',450,'M-03-01.jpg');
insert into menu(mid,category,name,price15,price30,event,cal,img)values('M-04-01','M','스테이크  에그  치즈',3500,0,'',440,'M-04-01.jpg');
insert into menu(mid,category,name,price15,price30,event,cal,img)values('M-05-01','M','해쉬브라운',1200,0,'',147,'M-05-01.jpg');
insert into menu(mid,category,name,price15,price30,event,cal,img)values('P-01','P','허니오트',0,0,'',230,'P-01.jpg');
insert into menu(mid,category,name,price15,price30,event,cal,img)values('P-02','P','하티',0,0,'',210,'P-02.jpg');
insert into menu(mid,category,name,price15,price30,event,cal,img)values('P-03','P','위트',0,0,'',210,'P-03.jpg');
insert into menu(mid,category,name,price15,price30,event,cal,img)values('P-04','P','파마산 오레가노',0,0,'',210,'P-04.jpg');
insert into menu(mid,category,name,price15,price30,event,cal,img)values('P-05','P','화이트',0,0,'',210,'P-05.jpg');
insert into menu(mid,category,name,price15,price30,event,cal,img)values('P-06','P','플랫브래드',0,0,'',230,'P-06.jpg');
insert into menu(mid,category,name,price15,price30,event,cal,img)values('S-cl-01','S','햄',4500,8200,'',290,'S-cl-01.jpg');
insert into menu(mid,category,name,price15,price30,event,cal,img)values('S-cl-02','S','참치',4500,8200,'',480,'S-cl-02.jpg');
insert into menu(mid,category,name,price15,price30,event,cal,img)values('S-cl-05','S','에그마요',4500,8200,'',480,'S-cl-05.jpg');
insert into menu(mid,category,name,price15,price30,event,cal,img)values('S-cl-06','S','비엘티',4900,8700,'',380,'S-cl-06.jpg');
insert into menu(mid,category,name,price15,price30,event,cal,img)values('S-cl-07','S','미트볼',4900,8700,'',480,'S-cl-07.jpg');
insert into menu(mid,category,name,price15,price30,event,cal,img)values('S-cl-08','S','이탈리안 비엠티',4900,8700,'',410,'S-cl-08.jpg');
insert into menu(mid,category,name,price15,price30,event,cal,img)values('S-fl-03','S','베지 아보카도',4500,8200,'Y',290,'S-fl-03.jpg');
insert into menu(mid,category,name,price15,price30,event,cal,img)values('S-fl-04','S','베지',4500,8200,'',230,'S-fl-04.jpg');
insert into menu(mid,category,name,price15,price30,event,cal,img)values('S-fl-09','S','터키',4900,8700,'',280,'S-fl-09.jpg');
insert into menu(mid,category,name,price15,price30,event,cal,img)values('S-fl-13','S','써브웨이 클럽',5300,9200,'',310,'S-fl-13.jpg');
insert into menu(mid,category,name,price15,price30,event,cal,img)values('S-fl-15','S','로스트 비프',5800,9800,'',320,'S-fl-15.jpg');
insert into menu(mid,category,name,price15,price30,event,cal,img)values('S-fl-18','S','로스트 치킨',5800,9800,'',320,'S-fl-18.jpg');
insert into menu(mid,category,name,price15,price30,event,cal,img)values('S-fl-22','S','로티세리 치킨',5800,9800,'',350,'S-fl-22.jpg');
insert into menu(mid,category,name,price15,price30,event,cal,img)values('S-pm-10','S','스파이시 이탈리안',5300,9200,'',480,'S-pm-10.jpg');
insert into menu(mid,category,name,price15,price30,event,cal,img)values('S-pm-11','S','치킨 데리야끼',5300,9200,'',370,'S-pm-11.jpg');
insert into menu(mid,category,name,price15,price30,event,cal,img)values('S-pm-12','S','터키 베이컨',5300,9200,'',360,'S-pm-12.jpg');
insert into menu(mid,category,name,price15,price30,event,cal,img)values('S-pm-14','S','스테이크 치즈',5800,9800,'',380,'S-pm-14.jpg');
insert into menu(mid,category,name,price15,price30,event,cal,img)values('S-pm-16','S','써브웨이 멜트',5800,9800,'',410,'S-pm-16.jpg');
insert into menu(mid,category,name,price15,price30,event,cal,img)values('S-pm-17','S','치킨 베이컨 랜치',5800,9800,'',610,'S-pm-17.jpg');
insert into menu(mid,category,name,price15,price30,event,cal,img)values('S-pm-19','S','터키 베이컨 아보카도',5800,9800,'Y',420,'S-pm-19.jpg');
insert into menu(mid,category,name,price15,price30,event,cal,img)values('S-pm-20','S','스파이시 이탈리안 아보카도',5800,9800,'Y',540,'S-pm-20.jpg');
insert into menu(mid,category,name,price15,price30,event,cal,img)values('S-pm-21','S','풀드포크',5800,9800,'',420,'S-pm-21.jpg');
insert into menu(mid,category,name,price15,price30,event,cal,img)values('SS-01','SS','랜치드레싱',0,0,'',110,'SS-01.jpg');
insert into menu(mid,category,name,price15,price30,event,cal,img)values('SS-02','SS','마요네즈',0,0,'',110,'SS-02.jpg');
insert into menu(mid,category,name,price15,price30,event,cal,img)values('SS-03','SS','스위트 어니언',0,0,'',40,'SS-03.jpg');
insert into menu(mid,category,name,price15,price30,event,cal,img)values('SS-04','SS','허니 머스터드',0,0,'',30,'SS-04.jpg');
insert into menu(mid,category,name,price15,price30,event,cal,img)values('SS-05','SS','스위트 칠리',0,0,'',30,'SS-05.jpg');
insert into menu(mid,category,name,price15,price30,event,cal,img)values('SS-06','SS','핫 칠리',0,0,'',40,'SS-06.jpg');
insert into menu(mid,category,name,price15,price30,event,cal,img)values('SS-07','SS','사우스 웨스트',0,0,'',100,'SS-07.jpg');
insert into menu(mid,category,name,price15,price30,event,cal,img)values('SS-08','SS','머스타드 ',0,0,'',5,'SS-08.jpg');
insert into menu(mid,category,name,price15,price30,event,cal,img)values('SS-09','SS','디종홀스래디쉬',0,0,'',110,'SS-09.jpg');
insert into menu(mid,category,name,price15,price30,event,cal,img)values('SS-10','SS','사우전 아일랜드',0,0,'',80,'SS-10.jpg');
insert into menu(mid,category,name,price15,price30,event,cal,img)values('SS-11','SS','이탈리안 드레싱',0,0,'',80,'SS-11.jpg');
insert into menu(mid,category,name,price15,price30,event,cal,img)values('SS-12','SS','올리브 오일',0,0,'',45,'SS-12.jpg');
insert into menu(mid,category,name,price15,price30,event,cal,img)values('SS-13','SS','레드와인식초',0,0,'',40,'SS-13.jpg');
insert into menu(mid,category,name,price15,price30,event,cal,img)values('SS-14','SS','소금',0,0,'',6,'SS-14.jpg');
insert into menu(mid,category,name,price15,price30,event,cal,img)values('SS-15','SS','후추',0,0,'',6,'SS-15.jpg');
insert into menu(mid,category,name,price15,price30,event,cal,img)values('SS-16','SS','스모크 바비큐 소스',0,0,'',100,'SS-16.jpg');
insert into menu(mid,category,name,price15,price30,event,cal,img)values('T-01','T','더블업',1500,3000,'',0,'T-01.jpg');
insert into menu(mid,category,name,price15,price30,event,cal,img)values('T-02','T','에그마요',1500,3000,'',0,'T-02.jpg');
insert into menu(mid,category,name,price15,price30,event,cal,img)values('T-03','T','오믈렛',1100,2200,'',0,'T-03.jpg');
insert into menu(mid,category,name,price15,price30,event,cal,img)values('T-04','T','아보카도',1100,2200,'',0,'T-04.jpg');
insert into menu(mid,category,name,price15,price30,event,cal,img)values('T-05','T','베이컨',900,1800,'',0,'T-05.jpg');
insert into menu(mid,category,name,price15,price30,event,cal,img)values('T-06','T','페퍼로니',800,1600,'',0,'T-06.jpg');
insert into menu(mid,category,name,price15,price30,event,cal,img)values('T-07','T','더블치즈',800,1600,'',0,'T-07.jpg');
insert into menu(mid,category,name,price15,price30,event,cal,img)values('V-01','V','양상추',0,0,'',5,'V-01.jpg');
insert into menu(mid,category,name,price15,price30,event,cal,img)values('V-02','V','토마토',0,0,'',5,'V-02.jpg');
insert into menu(mid,category,name,price15,price30,event,cal,img)values('V-03','V','오이',0,0,'',5,'V-03.jpg');
insert into menu(mid,category,name,price15,price30,event,cal,img)values('V-04','V','피망',0,0,'',5,'V-04.jpg');
insert into menu(mid,category,name,price15,price30,event,cal,img)values('V-05','V','양파',0,0,'',5,'V-05.jpg');
insert into menu(mid,category,name,price15,price30,event,cal,img)values('V-06','V','피클',0,0,'',5,'V-06.jpg');
insert into menu(mid,category,name,price15,price30,event,cal,img)values('V-07','V','올리브',0,0,'',5,'V-07.jpg');
insert into menu(mid,category,name,price15,price30,event,cal,img)values('V-08','V','할리피뇨',0,0,'',5,'V-08.jpg');

--주문테이블
insert into orders(ordernum,mid,status,options,qnt,totalprice,regdate,togo)values('170103-0734-0001','C-pm-04','결제완료','선택사항x/선택사항x/선택사항x/선택사항x/추가:추가없음/야채전체/소스/단품',1,6600,'2017-01-03 07:34','포장');
insert into orders(ordernum,mid,status,options,qnt,totalprice,regdate,togo)values('170104-1158-0001','S-pm-14','결제완료','빵종류/30cm/H/치즈/추가:추가없음/야채전체/소스/단품',1,9800,'2017-01-04 11:58','포장');
insert into orders(ordernum,mid,status,options,qnt,totalprice,regdate,togo)values('170105-1352-0001','S-fl-22','결제완료','빵종류/15cm/H/치즈/추가:오믈렛/야채전체/소스/세트',1,8800,'2017-01-05 13:52','매장식사');
insert into orders(ordernum,mid,status,options,qnt,totalprice,regdate,togo)values('170106-0155-0001','S-cl-02','결제완료','빵종류/30cm/H/치즈/추가:더블치즈/야채전체/소스/단품',1,9800,'2017-01-06 01:55','포장');
insert into orders(ordernum,mid,status,options,qnt,totalprice,regdate,togo)values('170109-0827-0001','S-pm-20','결제완료','빵종류/30cm/H/치즈/추가:더블치즈/야채전체/소스/단품',1,11400,'2017-01-09 08:27','포장');
insert into orders(ordernum,mid,status,options,qnt,totalprice,regdate,togo)values('170113-1109-0001','S-fl-22','결제완료','빵종류/30cm/H/치즈/추가:오믈렛/야채전체/소스/단품',1,12000,'2017-01-13 11:09','포장');
insert into orders(ordernum,mid,status,options,qnt,totalprice,regdate,togo)values('170114-1107-0001','S-fl-22','결제완료','빵종류/30cm/H/치즈/추가:에그마요/야채전체/소스/단품',1,12800,'2017-01-14 11:07','매장식사');
insert into orders(ordernum,mid,status,options,qnt,totalprice,regdate,togo)values('170117-1715-0001','S-cl-07','결제완료','빵종류/30cm/H/치즈/추가:더블업/야채전체/소스/세트',1,13600,'2017-01-17 17:15','매장식사');
insert into orders(ordernum,mid,status,options,qnt,totalprice,regdate,togo)values('170126-1023-0001','S-fl-13','결제완료','빵종류/30cm/H/치즈/추가:오믈렛/야채전체/소스/단품',1,11400,'2017-01-26 10:23','포장');
insert into orders(ordernum,mid,status,options,qnt,totalprice,regdate,togo)values('170127-0455-0001','S-cl-07','결제완료','빵종류/15cm/H/치즈/추가:아보카도/야채전체/소스/단품',1,6000,'2017-01-27 04:55','포장');
insert into orders(ordernum,mid,status,options,qnt,totalprice,regdate,togo)values('170127-1601-0002','S-cl-05','결제완료','빵종류/30cm/H/치즈/추가:아보카도/야채전체/소스/단품',1,10400,'2017-01-27 16:01','포장');
insert into orders(ordernum,mid,status,options,qnt,totalprice,regdate,togo)values('170202-1352-0001','S-pm-12','결제완료','빵종류/30cm/H/치즈/추가:더블업/야채전체/소스/단품',1,12200,'2017-02-02 13:52','포장');
insert into orders(ordernum,mid,status,options,qnt,totalprice,regdate,togo)values('170202-1811-0002','S-pm-10','결제완료','빵종류/30cm/H/치즈/추가:베이컨/야채전체/소스/세트',1,12900,'2017-02-02 18:11','포장');
insert into orders(ordernum,mid,status,options,qnt,totalprice,regdate,togo)values('170206-1821-0001','S-fl-13','결제완료','빵종류/15cm/H/치즈/추가:더블업/야채전체/소스/단품',1,6800,'2017-02-06 18:21','포장');
insert into orders(ordernum,mid,status,options,qnt,totalprice,regdate,togo)values('170207-1147-0001','S-cl-06','결제완료','빵종류/15cm/H/치즈/추가:더블업/야채전체/소스/단품',1,6400,'2017-02-07 11:47','매장식사');
insert into orders(ordernum,mid,status,options,qnt,totalprice,regdate,togo)values('170208-0559-0001','S-pm-21','결제완료','빵종류/30cm/H/치즈/추가:추가없음/야채전체/소스/단품',1,9800,'2017-02-08 05:59','포장');
insert into orders(ordernum,mid,status,options,qnt,totalprice,regdate,togo)values('170209-0126-0001','S-cl-06','결제완료','빵종류/30cm/H/치즈/추가:에그마요/야채전체/소스/세트',1,13600,'2017-02-09 01:26','포장');
insert into orders(ordernum,mid,status,options,qnt,totalprice,regdate,togo)values('170215-1157-0001','S-fl-13','결제완료','빵종류/30cm/H/치즈/추가:더블치즈/야채전체/소스/세트',1,12700,'2017-02-15 11:57','매장식사');
insert into orders(ordernum,mid,status,options,qnt,totalprice,regdate,togo)values('170217-1601-0001','S-fl-18','결제완료','빵종류/15cm/H/치즈/추가:더블치즈/야채전체/소스/단품',1,6600,'2017-02-17 16:01','포장');
insert into orders(ordernum,mid,status,options,qnt,totalprice,regdate,togo)values('170222-1015-0001','S-pm-10','결제완료','빵종류/15cm/H/치즈/추가:베이컨/야채전체/소스/단품',1,6200,'2017-02-22 10:15','포장');
insert into orders(ordernum,mid,status,options,qnt,totalprice,regdate,togo)values('170223-2248-0001','S-pm-16','결제완료','빵종류/15cm/H/치즈/추가:페퍼로니/야채전체/소스/단품',1,6600,'2017-02-23 22:48','매장식사');
insert into orders(ordernum,mid,status,options,qnt,totalprice,regdate,togo)values('170224-0404-0001','S-pm-19','결제완료','빵종류/30cm/H/치즈/추가:오믈렛/야채전체/소스/단품',1,12000,'2017-02-24 04:04','포장');
insert into orders(ordernum,mid,status,options,qnt,totalprice,regdate,togo)values('170225-0138-0001','S-pm-11','결제완료','빵종류/30cm/H/치즈/추가:오믈렛/야채전체/소스/단품',1,11400,'2017-02-25 01:38','포장');
insert into orders(ordernum,mid,status,options,qnt,totalprice,regdate,togo)values('170226-1724-0001','S-cl-01','결제완료','빵종류/30cm/H/치즈/추가:페퍼로니/야채전체/소스/단품',1,9800,'2017-02-26 17:24','포장');
insert into orders(ordernum,mid,status,options,qnt,totalprice,regdate,togo)values('170227-1059-0001','S-pm-14','결제완료','빵종류/30cm/H/치즈/추가:더블치즈/야채전체/소스/세트',1,13300,'2017-02-27 10:59','포장');
insert into orders(ordernum,mid,status,options,qnt,totalprice,regdate,togo)values('170306-0144-0001','S-pm-17','결제완료','빵종류/30cm/H/치즈/추가:베이컨/야채전체/소스/단품',1,11600,'2017-03-06 01:44','매장식사');
insert into orders(ordernum,mid,status,options,qnt,totalprice,regdate,togo)values('170314-0124-0001','S-cl-07','결제완료','빵종류/15cm/H/치즈/추가:에그마요/야채전체/소스/단품',1,6400,'2017-03-14 01:24','포장');
insert into orders(ordernum,mid,status,options,qnt,totalprice,regdate,togo)values('170316-1506-0001','S-cl-01','결제완료','빵종류/15cm/H/치즈/추가:추가없음/야채전체/소스/단품',1,4500,'2017-03-16 15:06','포장');
insert into orders(ordernum,mid,status,options,qnt,totalprice,regdate,togo)values('170319-2242-0001','S-fl-09','결제완료','빵종류/30cm/H/치즈/추가:에그마요/야채전체/소스/세트',1,13600,'2017-03-19 22:42','포장');
insert into orders(ordernum,mid,status,options,qnt,totalprice,regdate,togo)values('170325-1229-0001','S-pm-12','결제완료','빵종류/15cm/H/치즈/추가:더블치즈/야채전체/소스/단품',1,6100,'2017-03-25 12:29','포장');
insert into orders(ordernum,mid,status,options,qnt,totalprice,regdate,togo)values('170325-1540-0002','S-cl-05','결제완료','빵종류/15cm/H/치즈/추가:에그마요/야채전체/소스/단품',2,12000,'2017-03-25 15:40','포장');
insert into orders(ordernum,mid,status,options,qnt,totalprice,regdate,togo)values('170404-1132-0001','S-cl-05','결제완료','빵종류/15cm/H/치즈/추가:페퍼로니/야채전체/소스/단품',1,5300,'2017-04-04 11:32','포장');
insert into orders(ordernum,mid,status,options,qnt,totalprice,regdate,togo)values('170405-0428-0001','S-pm-20','결제완료','빵종류/15cm/H/치즈/추가:에그마요/야채전체/소스/단품',1,7300,'2017-04-05 04:28','매장식사');
insert into orders(ordernum,mid,status,options,qnt,totalprice,regdate,togo)values('170405-0504-0002','S-fl-13','결제완료','빵종류/15cm/H/치즈/추가:베이컨/야채전체/소스/세트',1,8100,'2017-04-05 05:04','매장식사');
insert into orders(ordernum,mid,status,options,qnt,totalprice,regdate,togo)values('170409-0319-0001','S-cl-02','결제완료','빵종류/30cm/H/치즈/추가:페퍼로니/야채전체/소스/세트',1,11700,'2017-04-09 03:19','매장식사');
insert into orders(ordernum,mid,status,options,qnt,totalprice,regdate,togo)values('170409-1151-0002','S-fl-09','결제완료','빵종류/30cm/H/치즈/추가:아보카도/야채전체/소스/세트',1,12800,'2017-04-09 11:51','포장');
insert into orders(ordernum,mid,status,options,qnt,totalprice,regdate,togo)values('170410-0220-0001','S-cl-08','결제완료','빵종류/30cm/H/치즈/추가:더블치즈/야채전체/소스/단품',1,10300,'2017-04-10 02:20','매장식사');
insert into orders(ordernum,mid,status,options,qnt,totalprice,regdate,togo)values('170418-2151-0001','S-fl-22','결제완료','빵종류/30cm/H/치즈/추가:오믈렛/야채전체/소스/단품',1,12000,'2017-04-18 21:51','포장');
insert into orders(ordernum,mid,status,options,qnt,totalprice,regdate,togo)values('170426-2049-0001','S-cl-05','결제완료','빵종류/15cm/H/치즈/추가:오믈렛/야채전체/소스/세트',1,7500,'2017-04-26 20:49','포장');
insert into orders(ordernum,mid,status,options,qnt,totalprice,regdate,togo)values('170501-2320-0001','D-DR-10','결제완료','옵션없음',1,1000,'2017-05-01 23:20','포장');
insert into orders(ordernum,mid,status,options,qnt,totalprice,regdate,togo)values('170502-1217-0001','S-fl-13','결제완료','빵종류/30cm/H/치즈/추가:아보카도/야채전체/소스/단품',1,11400,'2017-05-02 12:17','포장');
insert into orders(ordernum,mid,status,options,qnt,totalprice,regdate,togo)values('170506-0257-0001','S-pm-14','결제완료','빵종류/30cm/H/치즈/추가:페퍼로니/야채전체/소스/세트',1,13300,'2017-05-06 02:57','포장');
insert into orders(ordernum,mid,status,options,qnt,totalprice,regdate,togo)values('170516-1429-0001','S-pm-20','결제완료','빵종류/30cm/H/치즈/추가:추가없음/야채전체/소스/단품',1,9800,'2017-05-16 14:29','포장');
insert into orders(ordernum,mid,status,options,qnt,totalprice,regdate,togo)values('170519-1235-0001','S-pm-10','결제완료','빵종류/30cm/H/치즈/추가:오믈렛/야채전체/소스/단품',1,11400,'2017-05-19 12:35','매장식사');
insert into orders(ordernum,mid,status,options,qnt,totalprice,regdate,togo)values('170522-1502-0001','S-pm-16','결제완료','빵종류/30cm/H/치즈/추가:베이컨/야채전체/소스/세트',1,13500,'2017-05-22 15:02','포장');
insert into orders(ordernum,mid,status,options,qnt,totalprice,regdate,togo)values('170526-1644-0001','S-fl-04','결제완료','빵종류/30cm/H/치즈/추가:더블업/야채전체/소스/단품',1,11200,'2017-05-26 16:44','포장');
insert into orders(ordernum,mid,status,options,qnt,totalprice,regdate,togo)values('170529-0617-0001','C-cl-05','결제완료','선택사항x/선택사항x/선택사항x/선택사항x/추가:베이컨/야채전체/소스/세트',3,27000,'2017-05-29 06:17','포장');
insert into orders(ordernum,mid,status,options,qnt,totalprice,regdate,togo)values('170604-0613-0001','S-cl-06','결제완료','빵종류/15cm/H/치즈/추가:아보카도/야채전체/소스/단품',1,6000,'2017-06-04 06:13','매장식사');
insert into orders(ordernum,mid,status,options,qnt,totalprice,regdate,togo)values('170605-1841-0001','S-fl-04','결제완료','빵종류/15cm/H/치즈/추가:더블치즈/야채전체/소스/단품',1,5300,'2017-06-05 18:41','포장');
insert into orders(ordernum,mid,status,options,qnt,totalprice,regdate,togo)values('170605-2342-0002','S-pm-12','결제완료','빵종류/30cm/H/치즈/추가:베이컨/야채전체/소스/단품',1,11000,'2017-06-05 23:42','포장');
insert into orders(ordernum,mid,status,options,qnt,totalprice,regdate,togo)values('170614-0938-0001','S-cl-05','결제완료','빵종류/15cm/H/치즈/추가:아보카도/야채전체/소스/세트',1,7500,'2017-06-14 09:38','포장');
insert into orders(ordernum,mid,status,options,qnt,totalprice,regdate,togo)values('170615-1749-0001','S-cl-06','결제완료','빵종류/15cm/H/치즈/추가:더블치즈/야채전체/소스/세트',1,7600,'2017-06-15 17:49','포장');
insert into orders(ordernum,mid,status,options,qnt,totalprice,regdate,togo)values('170617-1147-0001','S-fl-18','결제완료','빵종류/15cm/H/치즈/추가:베이컨/야채전체/소스/단품',1,6700,'2017-06-17 11:47','포장');
insert into orders(ordernum,mid,status,options,qnt,totalprice,regdate,togo)values('170618-1916-0001','S-cl-01','결제완료','빵종류/15cm/H/치즈/추가:오믈렛/야채전체/소스/단품',1,5600,'2017-06-18 19:16','포장');
insert into orders(ordernum,mid,status,options,qnt,totalprice,regdate,togo)values('170621-0145-0001','S-cl-07','결제완료','빵종류/30cm/H/치즈/추가:더블치즈/야채전체/소스/세트',1,12200,'2017-06-21 01:45','포장');
insert into orders(ordernum,mid,status,options,qnt,totalprice,regdate,togo)values('170621-0543-0002','S-pm-10','결제완료','빵종류/30cm/H/치즈/추가:추가없음/야채전체/소스/세트',1,11100,'2017-06-21 05:43','포장');
insert into orders(ordernum,mid,status,options,qnt,totalprice,regdate,togo)values('170622-1806-0001','S-fl-03','결제완료','빵종류/30cm/H/치즈/추가:오믈렛/야채전체/소스/세트',1,12300,'2017-06-22 18:06','포장');
insert into orders(ordernum,mid,status,options,qnt,totalprice,regdate,togo)values('170707-1101-0001','S-pm-17','결제완료','빵종류/30cm/H/치즈/추가:더블업/야채전체/소스/단품',1,12800,'2017-07-07 11:01','포장');
insert into orders(ordernum,mid,status,options,qnt,totalprice,regdate,togo)values('170712-0151-0001','S-pm-19','결제완료','빵종류/15cm/H/치즈/추가:더블치즈/야채전체/소스/단품',1,6600,'2017-07-12 01:51','포장');
insert into orders(ordernum,mid,status,options,qnt,totalprice,regdate,togo)values('170712-0721-0002','S-pm-19','결제완료','빵종류/15cm/H/치즈/추가:더블치즈/야채전체/소스/단품',1,6600,'2017-07-12 07:21','포장');
insert into orders(ordernum,mid,status,options,qnt,totalprice,regdate,togo)values('170712-1813-0003','S-cl-02','결제완료','빵종류/30cm/H/치즈/추가:페퍼로니/야채전체/소스/단품',1,9800,'2017-07-12 18:13','포장');
insert into orders(ordernum,mid,status,options,qnt,totalprice,regdate,togo)values('170712-1918-0004','S-cl-01','결제완료','빵종류/30cm/H/치즈/추가:에그마요/야채전체/소스/세트',1,13100,'2017-07-12 19:18','포장');
insert into orders(ordernum,mid,status,options,qnt,totalprice,regdate,togo)values('170713-1513-0001','S-fl-18','결제완료','빵종류/30cm/H/치즈/추가:더블치즈/야채전체/소스/세트',1,13300,'2017-07-13 15:13','매장식사');
insert into orders(ordernum,mid,status,options,qnt,totalprice,regdate,togo)values('170715-2327-0001','S-cl-07','결제완료','빵종류/15cm/H/치즈/추가:에그마요/야채전체/소스/단품',1,6400,'2017-07-15 23:27','포장');
insert into orders(ordernum,mid,status,options,qnt,totalprice,regdate,togo)values('170718-0728-0001','S-pm-12','결제완료','빵종류/30cm/H/치즈/추가:베이컨/야채전체/소스/세트',1,12900,'2017-07-18 07:28','포장');
insert into orders(ordernum,mid,status,options,qnt,totalprice,regdate,togo)values('170718-0838-0002','S-fl-15','결제완료','빵종류/30cm/H/치즈/추가:더블치즈/야채전체/소스/단품',1,11400,'2017-07-18 08:38','포장');
insert into orders(ordernum,mid,status,options,qnt,totalprice,regdate,togo)values('170719-0835-0001','S-pm-19','결제완료','빵종류/30cm/H/치즈/추가:더블업/야채전체/소스/단품',1,12800,'2017-07-19 08:35','포장');
insert into orders(ordernum,mid,status,options,qnt,totalprice,regdate,togo)values('170722-1021-0001','S-pm-10','결제완료','빵종류/15cm/H/치즈/추가:더블업/야채전체/소스/단품',3,20400,'2017-07-22 10:21','포장');
insert into orders(ordernum,mid,status,options,qnt,totalprice,regdate,togo)values('170723-1704-0001','S-pm-12','결제완료','빵종류/15cm/H/치즈/추가:베이컨/야채전체/소스/세트',1,8100,'2017-07-23 17:04','포장');
insert into orders(ordernum,mid,status,options,qnt,totalprice,regdate,togo)values('170724-1618-0001','S-fl-15','결제완료','빵종류/15cm/H/치즈/추가:베이컨/야채전체/소스/단품',1,6700,'2017-07-24 16:18','포장');
insert into orders(ordernum,mid,status,options,qnt,totalprice,regdate,togo)values('170729-0841-0001','S-fl-03','결제완료','빵종류/30cm/H/치즈/추가:오믈렛/야채전체/소스/단품',1,10400,'2017-07-29 08:41','포장');
insert into orders(ordernum,mid,status,options,qnt,totalprice,regdate,togo)values('170730-1227-0001','S-fl-03','결제완료','빵종류/30cm/H/치즈/추가:더블치즈/야채전체/소스/세트',1,11700,'2017-07-30 12:27','포장');
insert into orders(ordernum,mid,status,options,qnt,totalprice,regdate,togo)values('170731-1809-0001','S-cl-07','결제완료','빵종류/15cm/H/치즈/추가:페퍼로니/야채전체/소스/세트',1,7600,'2017-07-31 18:09','포장');
insert into orders(ordernum,mid,status,options,qnt,totalprice,regdate,togo)values('170801-1209-0001','S-cl-06','결제완료','빵종류/30cm/H/치즈/추가:베이컨/야채전체/소스/세트',1,12400,'2017-08-01 12:09','매장식사');
insert into orders(ordernum,mid,status,options,qnt,totalprice,regdate,togo)values('170803-2157-0001','S-pm-20','결제완료','빵종류/30cm/H/치즈/추가:베이컨/야채전체/소스/단품',1,11600,'2017-08-03 21:57','포장');
insert into orders(ordernum,mid,status,options,qnt,totalprice,regdate,togo)values('170804-2209-0001','S-pm-17','결제완료','빵종류/15cm/H/치즈/추가:베이컨/야채전체/소스/세트',1,8600,'2017-08-04 22:09','포장');
insert into orders(ordernum,mid,status,options,qnt,totalprice,regdate,togo)values('170808-1759-0001','M-03-01','결제완료','빵종류/15cm/H/치즈/추가:아보카도/야채전체/소스/단품',1,2200,'2017-08-08 17:59','포장');
insert into orders(ordernum,mid,status,options,qnt,totalprice,regdate,togo)values('170809-1658-0001','S-pm-16','결제완료','빵종류/30cm/H/치즈/추가:추가없음/야채전체/소스/단품',1,9800,'2017-08-09 16:58','매장식사');
insert into orders(ordernum,mid,status,options,qnt,totalprice,regdate,togo)values('170822-1242-0001','S-pm-12','결제완료','빵종류/15cm/H/치즈/추가:오믈렛/야채전체/소스/단품',1,6400,'2017-08-22 12:42','포장');
insert into orders(ordernum,mid,status,options,qnt,totalprice,regdate,togo)values('170826-0419-0001','S-fl-18','결제완료','빵종류/30cm/H/치즈/추가:더블업/야채전체/소스/단품',2,25600,'2017-08-26 04:19','포장');
insert into orders(ordernum,mid,status,options,qnt,totalprice,regdate,togo)values('170826-0745-0002','S-pm-20','결제완료','빵종류/15cm/H/치즈/추가:더블치즈/야채전체/소스/단품',1,6600,'2017-08-26 07:45','포장');
insert into orders(ordernum,mid,status,options,qnt,totalprice,regdate,togo)values('170827-1053-0001','S-fl-18','결제완료','빵종류/30cm/H/치즈/추가:오믈렛/야채전체/소스/세트',1,13900,'2017-08-27 10:53','포장');
insert into orders(ordernum,mid,status,options,qnt,totalprice,regdate,togo)values('170830-0049-0001','S-pm-16','결제완료','빵종류/15cm/H/치즈/추가:더블업/야채전체/소스/단품',1,7300,'2017-08-30 00:49','포장');
insert into orders(ordernum,mid,status,options,qnt,totalprice,regdate,togo)values('170902-0845-0001','S-pm-16','결제완료','빵종류/30cm/H/치즈/추가:더블치즈/야채전체/소스/단품',1,11400,'2017-09-02 08:45','포장');
insert into orders(ordernum,mid,status,options,qnt,totalprice,regdate,togo)values('170909-1136-0001','S-pm-12','결제완료','빵종류/30cm/H/치즈/추가:추가없음/야채전체/소스/세트',1,11100,'2017-09-09 11:36','포장');
insert into orders(ordernum,mid,status,options,qnt,totalprice,regdate,togo)values('170912-2244-0001','S-pm-10','결제완료','빵종류/15cm/H/치즈/추가:추가없음/야채전체/소스/단품',1,5300,'2017-09-12 22:44','포장');
insert into orders(ordernum,mid,status,options,qnt,totalprice,regdate,togo)values('170917-1820-0001','S-pm-14','결제완료','빵종류/30cm/H/치즈/추가:더블업/야채전체/소스/세트',1,14700,'2017-09-17 18:20','매장식사');
insert into orders(ordernum,mid,status,options,qnt,totalprice,regdate,togo)values('170918-1206-0001','S-fl-04','결제완료','빵종류/30cm/H/치즈/추가:추가없음/야채전체/소스/세트',1,10100,'2017-09-18 12:06','포장');
insert into orders(ordernum,mid,status,options,qnt,totalprice,regdate,togo)values('170919-0717-0001','S-cl-07','결제완료','빵종류/30cm/H/치즈/추가:페퍼로니/야채전체/소스/단품',1,10300,'2017-09-19 07:17','포장');
insert into orders(ordernum,mid,status,options,qnt,totalprice,regdate,togo)values('170920-1656-0001','D-SD-04','결제완료','옵션없음',1,1000,'2017-09-20 16:56','포장');
insert into orders(ordernum,mid,status,options,qnt,totalprice,regdate,togo)values('170921-1419-0001','S-pm-19','결제완료','빵종류/30cm/H/치즈/추가:더블업/야채전체/소스/단품',1,12800,'2017-09-21 14:19','포장');
insert into orders(ordernum,mid,status,options,qnt,totalprice,regdate,togo)values('170922-0109-0001','S-cl-05','결제완료','빵종류/15cm/H/치즈/추가:아보카도/야채전체/소스/단품',3,16800,'2017-09-22 01:09','포장');
insert into orders(ordernum,mid,status,options,qnt,totalprice,regdate,togo)values('170922-0431-0002','S-cl-05','결제완료','빵종류/30cm/H/치즈/추가:오믈렛/야채전체/소스/세트',1,12300,'2017-09-22 04:31','포장');
insert into orders(ordernum,mid,status,options,qnt,totalprice,regdate,togo)values('171008-1623-0001','S-fl-04','결제완료','빵종류/15cm/H/치즈/추가:아보카도/야채전체/소스/세트',1,7500,'2017-10-08 16:23','포장');
insert into orders(ordernum,mid,status,options,qnt,totalprice,regdate,togo)values('171010-1234-0001','S-cl-08','결제완료','빵종류/30cm/H/치즈/추가:페퍼로니/야채전체/소스/단품',1,10300,'2017-10-10 12:34','포장');
insert into orders(ordernum,mid,status,options,qnt,totalprice,regdate,togo)values('171012-1130-0001','S-fl-15','결제완료','빵종류/15cm/H/치즈/추가:더블치즈/야채전체/소스/단품',1,6600,'2017-10-12 11:30','포장');
insert into orders(ordernum,mid,status,options,qnt,totalprice,regdate,togo)values('171015-0753-0001','S-pm-12','결제완료','빵종류/30cm/H/치즈/추가:베이컨/야채전체/소스/단품',1,11000,'2017-10-15 07:53','매장식사');
insert into orders(ordernum,mid,status,options,qnt,totalprice,regdate,togo)values('171016-1922-0001','S-pm-20','결제완료','빵종류/15cm/H/치즈/추가:추가없음/야채전체/소스/단품',1,5800,'2017-10-16 19:22','포장');
insert into orders(ordernum,mid,status,options,qnt,totalprice,regdate,togo)values('171016-2009-0002','S-fl-15','결제완료','빵종류/15cm/H/치즈/추가:아보카도/야채전체/소스/단품',1,6900,'2017-10-16 20:09','포장');
insert into orders(ordernum,mid,status,options,qnt,totalprice,regdate,togo)values('171017-0655-0001','S-pm-10','결제완료','빵종류/30cm/H/치즈/추가:아보카도/야채전체/소스/세트',1,13300,'2017-10-17 06:55','포장');
insert into orders(ordernum,mid,status,options,qnt,totalprice,regdate,togo)values('171022-1513-0001','S-cl-01','결제완료','빵종류/30cm/H/치즈/추가:더블업/야채전체/소스/세트',1,13100,'2017-10-22 15:13','포장');
insert into orders(ordernum,mid,status,options,qnt,totalprice,regdate,togo)values('171110-0213-0001','S-fl-03','결제완료','빵종류/15cm/H/치즈/추가:아보카도/야채전체/소스/세트',3,22500,'2017-11-10 02:13','포장');
insert into orders(ordernum,mid,status,options,qnt,totalprice,regdate,togo)values('171110-0634-0002','S-fl-03','결제완료','빵종류/15cm/H/치즈/추가:더블업/야채전체/소스/세트',1,7900,'2017-11-10 06:34','포장');
insert into orders(ordernum,mid,status,options,qnt,totalprice,regdate,togo)values('171111-1941-0001','S-fl-09','결제완료','빵종류/15cm/H/치즈/추가:더블치즈/야채전체/소스/단품',1,5700,'2017-11-11 19:41','포장');
insert into orders(ordernum,mid,status,options,qnt,totalprice,regdate,togo)values('171115-1452-0001','S-pm-17','결제완료','빵종류/30cm/H/치즈/추가:오믈렛/야채전체/소스/세트',1,13900,'2017-11-15 14:52','포장');
insert into orders(ordernum,mid,status,options,qnt,totalprice,regdate,togo)values('171122-1143-0001','C-cl-09','결제완료','선택사항x/선택사항x/선택사항x/선택사항x/추가:오믈렛/야채전체/소스/세트',1,8800,'2017-11-22 11:43','포장');
insert into orders(ordernum,mid,status,options,qnt,totalprice,regdate,togo)values('171123-1719-0001','S-pm-20','결제완료','빵종류/30cm/H/치즈/추가:에그마요/야채전체/소스/세트',1,14700,'2017-11-23 17:19','포장');
insert into orders(ordernum,mid,status,options,qnt,totalprice,regdate,togo)values('171125-0150-0001','S-cl-06','결제완료','빵종류/15cm/H/치즈/추가:에그마요/야채전체/소스/단품',3,19200,'2017-11-25 01:50','매장식사');
insert into orders(ordernum,mid,status,options,qnt,totalprice,regdate,togo)values('171129-1828-0001','S-cl-06','결제완료','빵종류/30cm/H/치즈/추가:에그마요/야채전체/소스/세트',2,27200,'2017-11-29 18:28','매장식사');
insert into orders(ordernum,mid,status,options,qnt,totalprice,regdate,togo)values('171130-2235-0001','S-fl-18','결제완료','빵종류/30cm/H/치즈/추가:아보카도/야채전체/소스/세트',2,27800,'2017-11-30 22:35','매장식사');
insert into orders(ordernum,mid,status,options,qnt,totalprice,regdate,togo)values('171201-1136-0001','S-cl-02','결제완료','빵종류/15cm/H/치즈/추가:페퍼로니/야채전체/소스/단품',1,5300,'2017-12-01 11:36','포장');
insert into orders(ordernum,mid,status,options,qnt,totalprice,regdate,togo)values('171206-0338-0001','S-cl-06','결제완료','빵종류/15cm/H/치즈/추가:페퍼로니/야채전체/소스/세트',1,7600,'2017-12-06 03:38','포장');
insert into orders(ordernum,mid,status,options,qnt,totalprice,regdate,togo)values('171206-0413-0002','S-pm-17','결제완료','빵종류/15cm/H/치즈/추가:페퍼로니/야채전체/소스/단품',1,6600,'2017-12-06 04:13','매장식사');
insert into orders(ordernum,mid,status,options,qnt,totalprice,regdate,togo)values('171208-0025-0001','S-cl-02','결제완료','빵종류/30cm/H/치즈/추가:더블치즈/야채전체/소스/단품',1,9800,'2017-12-08 00:25','매장식사');
insert into orders(ordernum,mid,status,options,qnt,totalprice,regdate,togo)values('171209-0230-0001','S-pm-17','결제완료','빵종류/30cm/H/치즈/추가:베이컨/야채전체/소스/세트',1,13500,'2017-12-09 02:30','포장');
insert into orders(ordernum,mid,status,options,qnt,totalprice,regdate,togo)values('171209-1554-0002','S-pm-21','결제완료','빵종류/30cm/H/치즈/추가:더블업/야채전체/소스/세트',1,14700,'2017-12-09 15:54','포장');
insert into orders(ordernum,mid,status,options,qnt,totalprice,regdate,togo)values('171211-0138-0001','S-cl-02','결제완료','빵종류/15cm/H/치즈/추가:에그마요/야채전체/소스/단품',1,6000,'2017-12-11 01:38','포장');
insert into orders(ordernum,mid,status,options,qnt,totalprice,regdate,togo)values('171213-0950-0001','S-pm-21','결제완료','빵종류/15cm/H/치즈/추가:아보카도/야채전체/소스/단품',1,6900,'2017-12-13 09:50','포장');
insert into orders(ordernum,mid,status,options,qnt,totalprice,regdate,togo)values('171220-0319-0001','S-pm-12','결제완료','빵종류/30cm/H/치즈/추가:더블업/야채전체/소스/단품',1,12200,'2017-12-20 03:19','매장식사');
insert into orders(ordernum,mid,status,options,qnt,totalprice,regdate,togo)values('171221-1408-0001','M-05-01','결제완료','빵종류/15cm/H/치즈/추가:베이컨/야채전체/소스/세트',2,8000,'2017-12-21 14:08','포장');
insert into orders(ordernum,mid,status,options,qnt,totalprice,regdate,togo)values('171225-1740-0001','S-cl-05','결제완료','빵종류/30cm/H/치즈/추가:에그마요/야채전체/소스/세트',3,39300,'2017-12-25 17:40','포장');
insert into orders(ordernum,mid,status,options,qnt,totalprice,regdate,togo)values('171229-1825-0001','S-pm-12','결제완료','빵종류/30cm/H/치즈/추가:추가없음/야채전체/소스/단품',3,27600,'2017-12-29 18:25','매장식사');
insert into orders(ordernum,mid,status,options,qnt,totalprice,regdate,togo)values('171231-0910-0001','C-cl-10','결제완료','선택사항x/선택사항x/선택사항x/선택사항x/추가:아보카도/야채전체/소스/세트',1,9500,'2017-12-31 09:10','매장식사');
insert into orders(ordernum,mid,status,options,qnt,totalprice,regdate,togo)values('180101-0821-0001','S-pm-19','결제완료','빵종류/15cm/H/치즈/추가:에그마요/야채전체/소스/세트',1,9200,'2018-01-01 08:21','포장');
insert into orders(ordernum,mid,status,options,qnt,totalprice,regdate,togo)values('180103-1247-0001','S-pm-19','결제완료','빵종류/30cm/H/치즈/추가:추가없음/야채전체/소스/단품',2,19600,'2018-01-03 12:47','포장');
insert into orders(ordernum,mid,status,options,qnt,totalprice,regdate,togo)values('180103-1941-0002','S-cl-06','결제완료','빵종류/30cm/H/치즈/추가:오믈렛/야채전체/소스/세트',1,12800,'2018-01-03 19:41','포장');
insert into orders(ordernum,mid,status,options,qnt,totalprice,regdate,togo)values('180104-0216-0001','S-pm-10','결제완료','빵종류/15cm/H/치즈/추가:추가없음/야채전체/소스/세트',3,21600,'2018-01-04 02:16','포장');
insert into orders(ordernum,mid,status,options,qnt,totalprice,regdate,togo)values('180105-1119-0001','S-pm-20','결제완료','빵종류/15cm/H/치즈/추가:더블업/야채전체/소스/세트',1,9200,'2018-01-05 11:19','포장');
insert into orders(ordernum,mid,status,options,qnt,totalprice,regdate,togo)values('180105-1302-0002','S-fl-15','결제완료','빵종류/15cm/H/치즈/추가:더블업/야채전체/소스/단품',1,7300,'2018-01-05 13:02','포장');
insert into orders(ordernum,mid,status,options,qnt,totalprice,regdate,togo)values('180105-1408-0003','C-fl-03','결제완료','선택사항x/선택사항x/선택사항x/선택사항x/추가:페퍼로니/야채전체/소스/단품',1,7800,'2018-01-05 14:08','포장');
insert into orders(ordernum,mid,status,options,qnt,totalprice,regdate,togo)values('180105-1515-0004','S-pm-17','결제완료','빵종류/15cm/H/치즈/추가:에그마요/야채전체/소스/세트',1,9200,'2018-01-05 15:15','포장');
insert into orders(ordernum,mid,status,options,qnt,totalprice,regdate,togo)values('180105-1728-0005','S-pm-12','결제완료','빵종류/30cm/H/치즈/추가:아보카도/야채전체/소스/단품',1,11400,'2018-01-05 17:28','포장');
insert into orders(ordernum,mid,status,options,qnt,totalprice,regdate,togo)values('180106-0103-0001','S-pm-19','결제완료','빵종류/15cm/H/치즈/추가:추가없음/야채전체/소스/세트',1,7700,'2018-01-06 01:03','포장');
insert into orders(ordernum,mid,status,options,qnt,totalprice,regdate,togo)values('180106-0138-0002','S-cl-08','결제완료','빵종류/15cm/H/치즈/추가:페퍼로니/야채전체/소스/세트',1,7600,'2018-01-06 01:38','포장');
insert into orders(ordernum,mid,status,options,qnt,totalprice,regdate,togo)values('180107-0444-0001','S-cl-01','결제완료','빵종류/15cm/H/치즈/추가:에그마요/야채전체/소스/세트',1,7900,'2018-01-07 04:44','포장');
insert into orders(ordernum,mid,status,options,qnt,totalprice,regdate,togo)values('180107-0949-0002','S-pm-11','결제완료','빵종류/30cm/H/치즈/추가:베이컨/야채전체/소스/단품',1,11000,'2018-01-07 09:49','포장');
insert into orders(ordernum,mid,status,options,qnt,totalprice,regdate,togo)values('180108-1455-0001','S-fl-03','결제완료','빵종류/30cm/H/치즈/추가:베이컨/야채전체/소스/세트',1,11900,'2018-01-08 14:55','매장식사');
insert into orders(ordernum,mid,status,options,qnt,totalprice,regdate,togo)values('180109-0457-0001','S-cl-08','결제완료','빵종류/15cm/H/치즈/추가:페퍼로니/야채전체/소스/단품',1,5700,'2018-01-09 04:57','포장');
insert into orders(ordernum,mid,status,options,qnt,totalprice,regdate,togo)values('180109-1358-0002','C-pm-02','결제완료','선택사항x/선택사항x/선택사항x/선택사항x/추가:에그마요/야채전체/소스/단품',1,9600,'2018-01-09 13:58','포장');
insert into orders(ordernum,mid,status,options,qnt,totalprice,regdate,togo)values('180109-1853-0003','S-cl-02','결제완료','빵종류/30cm/H/치즈/추가:더블업/야채전체/소스/세트',1,13100,'2018-01-09 18:53','매장식사');
insert into orders(ordernum,mid,status,options,qnt,totalprice,regdate,togo)values('180109-2259-0004','S-fl-09','결제완료','빵종류/30cm/H/치즈/추가:추가없음/야채전체/소스/단품',1,8700,'2018-01-09 22:59','포장');
insert into orders(ordernum,mid,status,options,qnt,totalprice,regdate,togo)values('180109-2315-0005','S-fl-04','결제완료','빵종류/30cm/H/치즈/추가:더블치즈/야채전체/소스/단품',1,9800,'2018-01-09 23:15','매장식사');
insert into orders(ordernum,mid,status,options,qnt,totalprice,regdate,togo)values('180110-0538-0001','S-fl-15','결제완료','빵종류/30cm/H/치즈/추가:더블치즈/야채전체/소스/세트',1,13300,'2018-01-10 05:38','포장');
insert into orders(ordernum,mid,status,options,qnt,totalprice,regdate,togo)values('180110-1739-0002','S-pm-11','결제완료','빵종류/15cm/H/치즈/추가:베이컨/야채전체/소스/세트',1,8100,'2018-01-10 17:39','포장');
insert into orders(ordernum,mid,status,options,qnt,totalprice,regdate,togo)values('180112-1009-0001','S-cl-01','결제완료','빵종류/30cm/H/치즈/추가:추가없음/야채전체/소스/세트',1,10100,'2018-01-12 10:09','매장식사');
insert into orders(ordernum,mid,status,options,qnt,totalprice,regdate,togo)values('180113-0524-0001','S-pm-11','결제완료','빵종류/15cm/H/치즈/추가:페퍼로니/야채전체/소스/세트',1,8000,'2018-01-13 05:24','포장');
insert into orders(ordernum,mid,status,options,qnt,totalprice,regdate,togo)values('180113-1933-0002','S-pm-19','결제완료','빵종류/15cm/H/치즈/추가:오믈렛/야채전체/소스/단품',1,6900,'2018-01-13 19:33','포장');
insert into orders(ordernum,mid,status,options,qnt,totalprice,regdate,togo)values('180113-1945-0003','S-fl-09','결제완료','빵종류/15cm/H/치즈/추가:더블업/야채전체/소스/세트',1,8300,'2018-01-13 19:45','포장');
insert into orders(ordernum,mid,status,options,qnt,totalprice,regdate,togo)values('180114-0621-0001','S-pm-16','결제완료','빵종류/15cm/H/치즈/추가:오믈렛/야채전체/소스/단품',1,6900,'2018-01-14 06:21','포장');
insert into orders(ordernum,mid,status,options,qnt,totalprice,regdate,togo)values('180114-0644-0002','M-01-01','결제완료','빵종류/15cm/H/치즈/추가:아보카도/야채전체/소스/단품',1,2200,'2018-01-14 06:44','포장');
insert into orders(ordernum,mid,status,options,qnt,totalprice,regdate,togo)values('180114-1132-0003','S-fl-04','결제완료','빵종류/30cm/H/치즈/추가:오믈렛/야채전체/소스/세트',1,12300,'2018-01-14 11:32','포장');
insert into orders(ordernum,mid,status,options,qnt,totalprice,regdate,togo)values('180114-2159-0004','S-cl-02','결제완료','빵종류/15cm/H/치즈/추가:베이컨/야채전체/소스/세트',1,7300,'2018-01-14 21:59','포장');
insert into orders(ordernum,mid,status,options,qnt,totalprice,regdate,togo)values('180115-0649-0001','S-cl-07','결제완료','빵종류/30cm/H/치즈/추가:페퍼로니/야채전체/소스/세트',1,12200,'2018-01-15 06:49','포장');
insert into orders(ordernum,mid,status,options,qnt,totalprice,regdate,togo)values('180115-1512-0002','S-cl-06','결제완료','빵종류/15cm/H/치즈/추가:에그마요/야채전체/소스/세트',1,8300,'2018-01-15 15:12','매장식사');
insert into orders(ordernum,mid,status,options,qnt,totalprice,regdate,togo)values('180116-0301-0001','S-fl-18','결제완료','빵종류/30cm/H/치즈/추가:베이컨/야채전체/소스/단품',1,11600,'2018-01-16 03:01','포장');
insert into orders(ordernum,mid,status,options,qnt,totalprice,regdate,togo)values('180116-0820-0002','S-pm-21','결제완료','빵종류/30cm/H/치즈/추가:아보카도/야채전체/소스/단품',1,12000,'2018-01-16 08:20','포장');
insert into orders(ordernum,mid,status,options,qnt,totalprice,regdate,togo)values('180116-0947-0003','S-fl-04','결제완료','빵종류/30cm/H/치즈/추가:아보카도/야채전체/소스/세트',1,12300,'2018-01-16 09:47','포장');
insert into orders(ordernum,mid,status,options,qnt,totalprice,regdate,togo)values('180117-1239-0001','S-pm-10','결제완료','빵종류/15cm/H/치즈/추가:추가없음/야채전체/소스/단품',1,5300,'2018-01-17 12:39','포장');
insert into orders(ordernum,mid,status,options,qnt,totalprice,regdate,togo)values('180117-1306-0002','S-cl-01','결제완료','빵종류/30cm/H/치즈/추가:추가없음/야채전체/소스/세트',1,10100,'2018-01-17 13:06','포장');
insert into orders(ordernum,mid,status,options,qnt,totalprice,regdate,togo)values('180117-1901-0003','S-fl-03','결제완료','빵종류/15cm/H/치즈/추가:페퍼로니/야채전체/소스/세트',1,7200,'2018-01-17 19:01','포장');
insert into orders(ordernum,mid,status,options,qnt,totalprice,regdate,togo)values('180119-0204-0001','S-fl-13','결제완료','빵종류/30cm/H/치즈/추가:베이컨/야채전체/소스/세트',1,12900,'2018-01-19 02:04','매장식사');
insert into orders(ordernum,mid,status,options,qnt,totalprice,regdate,togo)values('180119-1844-0002','S-cl-08','결제완료','빵종류/15cm/H/치즈/추가:추가없음/야채전체/소스/세트',1,6800,'2018-01-19 18:44','포장');
insert into orders(ordernum,mid,status,options,qnt,totalprice,regdate,togo)values('180120-0206-0001','S-pm-19','결제완료','빵종류/30cm/H/치즈/추가:베이컨/야채전체/소스/단품',1,11600,'2018-01-20 02:06','포장');
insert into orders(ordernum,mid,status,options,qnt,totalprice,regdate,togo)values('180121-1647-0001','S-cl-02','결제완료','빵종류/15cm/H/치즈/추가:에그마요/야채전체/소스/단품',1,6000,'2018-01-21 16:47','포장');
insert into orders(ordernum,mid,status,options,qnt,totalprice,regdate,togo)values('180122-1739-0001','S-fl-15','결제완료','빵종류/30cm/H/치즈/추가:더블업/야채전체/소스/세트',1,14700,'2018-01-22 17:39','포장');
insert into orders(ordernum,mid,status,options,qnt,totalprice,regdate,togo)values('180122-2037-0002','S-fl-04','결제완료','빵종류/30cm/H/치즈/추가:추가없음/야채전체/소스/단품',1,8200,'2018-01-22 20:37','매장식사');
insert into orders(ordernum,mid,status,options,qnt,totalprice,regdate,togo)values('180123-2041-0001','S-fl-15','결제완료','빵종류/15cm/H/치즈/추가:아보카도/야채전체/소스/단품',1,6900,'2018-01-23 20:41','매장식사');
insert into orders(ordernum,mid,status,options,qnt,totalprice,regdate,togo)values('180124-0650-0001','S-fl-13','결제완료','빵종류/30cm/H/치즈/추가:더블치즈/야채전체/소스/세트',3,38100,'2018-01-24 06:50','포장');
insert into orders(ordernum,mid,status,options,qnt,totalprice,regdate,togo)values('180124-1157-0002','C-pm-17','결제완료','선택사항x/선택사항x/선택사항x/선택사항x/추가:오믈렛/야채전체/소스/단품',1,8100,'2018-01-24 11:57','포장');
insert into orders(ordernum,mid,status,options,qnt,totalprice,regdate,togo)values('180124-2039-0003','S-fl-03','결제완료','빵종류/15cm/H/치즈/추가:아보카도/야채전체/소스/세트',1,7500,'2018-01-24 20:39','포장');
insert into orders(ordernum,mid,status,options,qnt,totalprice,regdate,togo)values('180125-0227-0001','S-pm-14','결제완료','빵종류/30cm/H/치즈/추가:에그마요/야채전체/소스/단품',1,12800,'2018-01-25 02:27','포장');
insert into orders(ordernum,mid,status,options,qnt,totalprice,regdate,togo)values('180125-1231-0002','S-pm-11','결제완료','빵종류/15cm/H/치즈/추가:더블업/야채전체/소스/단품',1,6800,'2018-01-25 12:31','포장');
insert into orders(ordernum,mid,status,options,qnt,totalprice,regdate,togo)values('180125-2034-0003','S-pm-14','결제완료','빵종류/30cm/H/치즈/추가:추가없음/야채전체/소스/단품',1,9800,'2018-01-25 20:34','포장');
insert into orders(ordernum,mid,status,options,qnt,totalprice,regdate,togo)values('180125-2233-0004','S-cl-08','결제완료','빵종류/15cm/H/치즈/추가:추가없음/야채전체/소스/단품',2,9800,'2018-01-25 22:33','포장');
insert into orders(ordernum,mid,status,options,qnt,totalprice,regdate,togo)values('180126-0847-0001','S-cl-02','결제완료','빵종류/30cm/H/치즈/추가:에그마요/야채전체/소스/세트',1,13100,'2018-01-26 08:47','매장식사');
insert into orders(ordernum,mid,status,options,qnt,totalprice,regdate,togo)values('180127-0634-0001','S-pm-11','결제완료','빵종류/30cm/H/치즈/추가:페퍼로니/야채전체/소스/단품',1,10800,'2018-01-27 06:34','포장');
insert into orders(ordernum,mid,status,options,qnt,totalprice,regdate,togo)values('180127-0735-0002','S-fl-09','결제완료','빵종류/15cm/H/치즈/추가:추가없음/야채전체/소스/세트',3,20400,'2018-01-27 07:35','포장');
insert into orders(ordernum,mid,status,options,qnt,totalprice,regdate,togo)values('180128-0101-0001','C-pm-23','결제완료','선택사항x/선택사항x/선택사항x/선택사항x/추가:페퍼로니/야채전체/소스/세트',1,10100,'2018-01-28 01:01','포장');
insert into orders(ordernum,mid,status,options,qnt,totalprice,regdate,togo)values('180129-1332-0001','D-SD-08','결제완료','옵션없음',3,3000,'2018-01-29 13:32','포장');
insert into orders(ordernum,mid,status,options,qnt,totalprice,regdate,togo)values('180130-0646-0001','S-cl-01','결제완료','빵종류/15cm/H/치즈/추가:더블치즈/야채전체/소스/단품',1,5300,'2018-01-30 06:46','포장');
insert into orders(ordernum,mid,status,options,qnt,totalprice,regdate,togo)values('180130-0910-0002','S-pm-16','결제완료','빵종류/30cm/H/치즈/추가:페퍼로니/야채전체/소스/세트',1,13300,'2018-01-30 09:10','포장');
insert into orders(ordernum,mid,status,options,qnt,totalprice,regdate,togo)values('180131-0946-0001','S-cl-02','결제완료','빵종류/30cm/H/치즈/추가:페퍼로니/야채전체/소스/세트',1,11700,'2018-01-31 09:46','포장');
insert into orders(ordernum,mid,status,options,qnt,totalprice,regdate,togo)values('180131-1529-0002','S-cl-02','결제완료','빵종류/15cm/H/치즈/추가:오믈렛/야채전체/소스/세트',1,7500,'2018-01-31 15:29','포장');
insert into orders(ordernum,mid,status,options,qnt,totalprice,regdate,togo)values('180131-1850-0003','S-pm-12','결제완료','빵종류/15cm/H/치즈/추가:베이컨/야채전체/소스/단품',2,12400,'2018-01-31 18:50','매장식사');
insert into orders(ordernum,mid,status,options,qnt,totalprice,regdate,togo)values('180131-1921-0004','S-fl-13','결제완료','빵종류/15cm/H/치즈/추가:오믈렛/야채전체/소스/세트',2,16600,'2018-01-31 19:21','매장식사');
insert into orders(ordernum,mid,status,options,qnt,totalprice,regdate,togo)values('180201-1442-0001','S-pm-20','결제완료','빵종류/30cm/H/치즈/추가:페퍼로니/야채전체/소스/단품',1,11400,'2018-02-01 14:42','포장');
insert into orders(ordernum,mid,status,options,qnt,totalprice,regdate,togo)values('180201-2040-0002','S-pm-19','결제완료','빵종류/30cm/H/치즈/추가:페퍼로니/야채전체/소스/세트',1,13300,'2018-02-01 20:40','포장');
insert into orders(ordernum,mid,status,options,qnt,totalprice,regdate,togo)values('180202-0657-0001','S-pm-16','결제완료','빵종류/15cm/H/치즈/추가:추가없음/야채전체/소스/세트',1,7700,'2018-02-02 06:57','포장');
insert into orders(ordernum,mid,status,options,qnt,totalprice,regdate,togo)values('180202-1651-0002','S-pm-17','결제완료','빵종류/30cm/H/치즈/추가:더블업/야채전체/소스/세트',1,14700,'2018-02-02 16:51','포장');
insert into orders(ordernum,mid,status,options,qnt,totalprice,regdate,togo)values('180203-1747-0001','S-fl-03','결제완료','빵종류/15cm/H/치즈/추가:더블치즈/야채전체/소스/세트',3,21600,'2018-02-03 17:47','포장');
insert into orders(ordernum,mid,status,options,qnt,totalprice,regdate,togo)values('180204-0233-0001','S-cl-06','결제완료','빵종류/30cm/H/치즈/추가:아보카도/야채전체/소스/세트',1,12800,'2018-02-04 02:33','매장식사');
insert into orders(ordernum,mid,status,options,qnt,totalprice,regdate,togo)values('180204-0538-0002','C-fl-12','결제완료','선택사항x/선택사항x/선택사항x/선택사항x/추가:페퍼로니/야채전체/소스/단품',1,7800,'2018-02-04 05:38','포장');
insert into orders(ordernum,mid,status,options,qnt,totalprice,regdate,togo)values('180204-0553-0003','S-cl-06','결제완료','빵종류/15cm/H/치즈/추가:추가없음/야채전체/소스/단품',1,4900,'2018-02-04 05:53','포장');
insert into orders(ordernum,mid,status,options,qnt,totalprice,regdate,togo)values('180205-0240-0001','S-pm-16','결제완료','빵종류/30cm/H/치즈/추가:베이컨/야채전체/소스/세트',2,27000,'2018-02-05 02:40','포장');
insert into orders(ordernum,mid,status,options,qnt,totalprice,regdate,togo)values('180205-1215-0002','S-cl-06','결제완료','빵종류/15cm/H/치즈/추가:베이컨/야채전체/소스/단품',1,5800,'2018-02-05 12:15','포장');
insert into orders(ordernum,mid,status,options,qnt,totalprice,regdate,togo)values('180208-0019-0001','S-fl-13','결제완료','빵종류/15cm/H/치즈/추가:페퍼로니/야채전체/소스/단품',1,6100,'2018-02-08 00:19','포장');
insert into orders(ordernum,mid,status,options,qnt,totalprice,regdate,togo)values('180209-1023-0001','S-pm-16','결제완료','빵종류/15cm/H/치즈/추가:에그마요/야채전체/소스/단품',1,7300,'2018-02-09 10:23','포장');
insert into orders(ordernum,mid,status,options,qnt,totalprice,regdate,togo)values('180209-1338-0002','S-fl-09','결제완료','빵종류/30cm/H/치즈/추가:추가없음/야채전체/소스/단품',1,8700,'2018-02-09 13:38','포장');
insert into orders(ordernum,mid,status,options,qnt,totalprice,regdate,togo)values('180210-0012-0001','S-fl-13','결제완료','빵종류/15cm/H/치즈/추가:오믈렛/야채전체/소스/세트',1,8300,'2018-02-10 00:12','포장');
insert into orders(ordernum,mid,status,options,qnt,totalprice,regdate,togo)values('180210-0952-0002','S-pm-17','결제완료','빵종류/30cm/H/치즈/추가:더블치즈/야채전체/소스/단품',1,11400,'2018-02-10 09:52','포장');
insert into orders(ordernum,mid,status,options,qnt,totalprice,regdate,togo)values('180210-1224-0003','S-fl-04','결제완료','빵종류/15cm/H/치즈/추가:추가없음/야채전체/소스/단품',1,4500,'2018-02-10 12:24','매장식사');
insert into orders(ordernum,mid,status,options,qnt,totalprice,regdate,togo)values('180210-1350-0004','S-cl-08','결제완료','빵종류/15cm/H/치즈/추가:추가없음/야채전체/소스/세트',1,6800,'2018-02-10 13:50','포장');
insert into orders(ordernum,mid,status,options,qnt,totalprice,regdate,togo)values('180211-0214-0001','C-fl-14','결제완료','선택사항x/선택사항x/선택사항x/선택사항x/추가:베이컨/야채전체/소스/세트',1,10300,'2018-02-11 02:14','포장');
insert into orders(ordernum,mid,status,options,qnt,totalprice,regdate,togo)values('180211-0708-0002','S-pm-10','결제완료','빵종류/30cm/H/치즈/추가:페퍼로니/야채전체/소스/세트',1,12700,'2018-02-11 07:08','포장');
insert into orders(ordernum,mid,status,options,qnt,totalprice,regdate,togo)values('180211-1658-0003','S-fl-15','결제완료','빵종류/15cm/H/치즈/추가:베이컨/야채전체/소스/세트',1,8600,'2018-02-11 16:58','포장');
insert into orders(ordernum,mid,status,options,qnt,totalprice,regdate,togo)values('180212-0542-0001','S-cl-02','결제완료','빵종류/30cm/H/치즈/추가:더블업/야채전체/소스/세트',1,13100,'2018-02-12 05:42','포장');
insert into orders(ordernum,mid,status,options,qnt,totalprice,regdate,togo)values('180212-1150-0002','S-pm-17','결제완료','빵종류/15cm/H/치즈/추가:오믈렛/야채전체/소스/단품',1,6900,'2018-02-12 11:50','포장');
insert into orders(ordernum,mid,status,options,qnt,totalprice,regdate,togo)values('180212-1416-0003','S-pm-20','결제완료','빵종류/30cm/H/치즈/추가:추가없음/야채전체/소스/세트',1,11700,'2018-02-12 14:16','포장');
insert into orders(ordernum,mid,status,options,qnt,totalprice,regdate,togo)values('180212-1903-0004','S-pm-16','결제완료','빵종류/15cm/H/치즈/추가:에그마요/야채전체/소스/단품',1,7300,'2018-02-12 19:03','포장');
insert into orders(ordernum,mid,status,options,qnt,totalprice,regdate,togo)values('180213-0359-0001','S-cl-07','결제완료','빵종류/30cm/H/치즈/추가:베이컨/야채전체/소스/단품',1,10500,'2018-02-13 03:59','포장');
insert into orders(ordernum,mid,status,options,qnt,totalprice,regdate,togo)values('180213-1557-0002','S-fl-04','결제완료','빵종류/15cm/H/치즈/추가:에그마요/야채전체/소스/단품',1,6000,'2018-02-13 15:57','포장');
insert into orders(ordernum,mid,status,options,qnt,totalprice,regdate,togo)values('180215-0529-0001','D-SD-01','결제완료','옵션없음',1,2900,'2018-02-15 05:29','매장식사');
insert into orders(ordernum,mid,status,options,qnt,totalprice,regdate,togo)values('180215-0751-0002','S-pm-17','결제완료','빵종류/15cm/H/치즈/추가:더블치즈/야채전체/소스/단품',1,6600,'2018-02-15 07:51','포장');
insert into orders(ordernum,mid,status,options,qnt,totalprice,regdate,togo)values('180215-2314-0003','S-fl-22','결제완료','빵종류/30cm/H/치즈/추가:베이컨/야채전체/소스/세트',1,13500,'2018-02-15 23:14','포장');
insert into orders(ordernum,mid,status,options,qnt,totalprice,regdate,togo)values('180216-0054-0001','S-fl-09','결제완료','빵종류/15cm/H/치즈/추가:더블업/야채전체/소스/세트',1,8300,'2018-02-16 00:54','포장');
insert into orders(ordernum,mid,status,options,qnt,totalprice,regdate,togo)values('180216-0303-0002','S-fl-18','결제완료','빵종류/30cm/H/치즈/추가:페퍼로니/야채전체/소스/단품',1,11400,'2018-02-16 03:03','매장식사');
insert into orders(ordernum,mid,status,options,qnt,totalprice,regdate,togo)values('180216-0756-0003','S-fl-13','결제완료','빵종류/30cm/H/치즈/추가:추가없음/야채전체/소스/단품',1,9200,'2018-02-16 07:56','포장');
insert into orders(ordernum,mid,status,options,qnt,totalprice,regdate,togo)values('180216-0843-0004','S-cl-01','결제완료','빵종류/15cm/H/치즈/추가:아보카도/야채전체/소스/세트',1,7500,'2018-02-16 08:43','포장');
insert into orders(ordernum,mid,status,options,qnt,totalprice,regdate,togo)values('180216-1134-0005','S-pm-12','결제완료','빵종류/15cm/H/치즈/추가:페퍼로니/야채전체/소스/단품',1,6100,'2018-02-16 11:34','포장');
insert into orders(ordernum,mid,status,options,qnt,totalprice,regdate,togo)values('180216-2100-0006','S-pm-11','결제완료','빵종류/30cm/H/치즈/추가:페퍼로니/야채전체/소스/단품',1,10800,'2018-02-16 21:00','포장');
insert into orders(ordernum,mid,status,options,qnt,totalprice,regdate,togo)values('180218-0322-0001','S-pm-14','결제완료','빵종류/15cm/H/치즈/추가:더블업/야채전체/소스/세트',1,9200,'2018-02-18 03:22','포장');
insert into orders(ordernum,mid,status,options,qnt,totalprice,regdate,togo)values('180218-1738-0002','S-pm-11','결제완료','빵종류/15cm/H/치즈/추가:추가없음/야채전체/소스/세트',1,7200,'2018-02-18 17:38','매장식사');
insert into orders(ordernum,mid,status,options,qnt,totalprice,regdate,togo)values('180218-1754-0003','S-pm-12','결제완료','빵종류/30cm/H/치즈/추가:더블업/야채전체/소스/세트',1,14100,'2018-02-18 17:54','포장');
insert into orders(ordernum,mid,status,options,qnt,totalprice,regdate,togo)values('180218-1807-0004','S-cl-08','결제완료','빵종류/15cm/H/치즈/추가:베이컨/야채전체/소스/단품',1,5800,'2018-02-18 18:07','포장');
insert into orders(ordernum,mid,status,options,qnt,totalprice,regdate,togo)values('180219-0402-0001','S-pm-19','결제완료','빵종류/30cm/H/치즈/추가:아보카도/야채전체/소스/세트',1,13900,'2018-02-19 04:02','포장');
insert into orders(ordernum,mid,status,options,qnt,totalprice,regdate,togo)values('180219-0752-0002','S-pm-17','결제완료','빵종류/15cm/H/치즈/추가:추가없음/야채전체/소스/단품',1,5800,'2018-02-19 07:52','매장식사');
insert into orders(ordernum,mid,status,options,qnt,totalprice,regdate,togo)values('180219-2102-0003','S-fl-13','결제완료','빵종류/15cm/H/치즈/추가:더블업/야채전체/소스/세트',1,8700,'2018-02-19 21:02','포장');
insert into orders(ordernum,mid,status,options,qnt,totalprice,regdate,togo)values('180220-0141-0001','S-cl-06','결제완료','빵종류/30cm/H/치즈/추가:페퍼로니/야채전체/소스/세트',3,36600,'2018-02-20 01:41','포장');
insert into orders(ordernum,mid,status,options,qnt,totalprice,regdate,togo)values('180220-1005-0002','S-pm-17','결제완료','빵종류/15cm/H/치즈/추가:추가없음/야채전체/소스/단품',1,5800,'2018-02-20 10:05','매장식사');
insert into orders(ordernum,mid,status,options,qnt,totalprice,regdate,togo)values('180220-1933-0003','S-pm-21','결제완료','빵종류/30cm/H/치즈/추가:오믈렛/야채전체/소스/단품',1,12000,'2018-02-20 19:33','매장식사');
insert into orders(ordernum,mid,status,options,qnt,totalprice,regdate,togo)values('180222-0423-0001','S-cl-01','결제완료','빵종류/15cm/H/치즈/추가:더블업/야채전체/소스/세트',1,7900,'2018-02-22 04:23','매장식사');
insert into orders(ordernum,mid,status,options,qnt,totalprice,regdate,togo)values('180222-1403-0002','S-pm-14','결제완료','빵종류/30cm/H/치즈/추가:페퍼로니/야채전체/소스/단품',1,11400,'2018-02-22 14:03','포장');
insert into orders(ordernum,mid,status,options,qnt,totalprice,regdate,togo)values('180222-1405-0003','C-cl-06','결제완료','선택사항x/선택사항x/선택사항x/선택사항x/추가:추가없음/야채전체/소스/세트',1,8100,'2018-02-22 14:05','포장');
insert into orders(ordernum,mid,status,options,qnt,totalprice,regdate,togo)values('180222-1542-0004','S-cl-08','결제완료','빵종류/15cm/H/치즈/추가:추가없음/야채전체/소스/단품',1,4900,'2018-02-22 15:42','포장');
insert into orders(ordernum,mid,status,options,qnt,totalprice,regdate,togo)values('180223-1056-0001','S-cl-07','결제완료','빵종류/15cm/H/치즈/추가:페퍼로니/야채전체/소스/단품',1,5700,'2018-02-23 10:56','포장');
insert into orders(ordernum,mid,status,options,qnt,totalprice,regdate,togo)values('180223-1301-0002','S-cl-06','결제완료','빵종류/30cm/H/치즈/추가:페퍼로니/야채전체/소스/세트',1,12200,'2018-02-23 13:01','포장');
insert into orders(ordernum,mid,status,options,qnt,totalprice,regdate,togo)values('180223-2350-0003','S-pm-10','결제완료','빵종류/15cm/H/치즈/추가:에그마요/야채전체/소스/세트',1,8700,'2018-02-23 23:50','포장');
insert into orders(ordernum,mid,status,options,qnt,totalprice,regdate,togo)values('180224-0737-0001','S-cl-01','결제완료','빵종류/15cm/H/치즈/추가:더블치즈/야채전체/소스/단품',1,5300,'2018-02-24 07:37','포장');
insert into orders(ordernum,mid,status,options,qnt,totalprice,regdate,togo)values('180226-2327-0001','S-fl-18','결제완료','빵종류/30cm/H/치즈/추가:베이컨/야채전체/소스/단품',3,34800,'2018-02-26 23:27','포장');
insert into orders(ordernum,mid,status,options,qnt,totalprice,regdate,togo)values('180227-1118-0001','S-fl-04','결제완료','빵종류/15cm/H/치즈/추가:베이컨/야채전체/소스/세트',1,7300,'2018-02-27 11:18','포장');
insert into orders(ordernum,mid,status,options,qnt,totalprice,regdate,togo)values('180301-1614-0001','S-fl-03','결제완료','빵종류/30cm/H/치즈/추가:더블치즈/야채전체/소스/세트',1,11700,'2018-03-01 16:14','포장');
insert into orders(ordernum,mid,status,options,qnt,totalprice,regdate,togo)values('180302-0143-0001','S-pm-14','결제완료','빵종류/15cm/H/치즈/추가:아보카도/야채전체/소스/세트',1,8800,'2018-03-02 01:43','포장');
insert into orders(ordernum,mid,status,options,qnt,totalprice,regdate,togo)values('180302-0332-0002','S-fl-22','결제완료','빵종류/15cm/H/치즈/추가:페퍼로니/야채전체/소스/세트',3,25500,'2018-03-02 03:32','매장식사');
insert into orders(ordernum,mid,status,options,qnt,totalprice,regdate,togo)values('180302-1935-0003','S-pm-12','결제완료','빵종류/15cm/H/치즈/추가:추가없음/야채전체/소스/세트',1,7200,'2018-03-02 19:35','매장식사');
insert into orders(ordernum,mid,status,options,qnt,totalprice,regdate,togo)values('180303-0727-0001','S-pm-12','결제완료','빵종류/15cm/H/치즈/추가:에그마요/야채전체/소스/세트',1,8700,'2018-03-03 07:27','포장');
insert into orders(ordernum,mid,status,options,qnt,totalprice,regdate,togo)values('180304-0743-0001','S-cl-05','결제완료','빵종류/15cm/H/치즈/추가:아보카도/야채전체/소스/세트',1,7500,'2018-03-04 07:43','포장');
insert into orders(ordernum,mid,status,options,qnt,totalprice,regdate,togo)values('180304-2111-0002','S-cl-08','결제완료','빵종류/30cm/H/치즈/추가:더블업/야채전체/소스/단품',1,11700,'2018-03-04 21:11','포장');
insert into orders(ordernum,mid,status,options,qnt,totalprice,regdate,togo)values('180305-0348-0001','C-fl-11','결제완료','선택사항x/선택사항x/선택사항x/선택사항x/추가:추가없음/야채전체/소스/세트',2,17000,'2018-03-05 03:48','포장');
insert into orders(ordernum,mid,status,options,qnt,totalprice,regdate,togo)values('180306-0457-0001','S-cl-07','결제완료','빵종류/15cm/H/치즈/추가:에그마요/야채전체/소스/단품',2,12800,'2018-03-06 04:57','매장식사');
insert into orders(ordernum,mid,status,options,qnt,totalprice,regdate,togo)values('180307-0607-0001','S-fl-03','결제완료','빵종류/30cm/H/치즈/추가:더블치즈/야채전체/소스/단품',1,9800,'2018-03-07 06:07','포장');
insert into orders(ordernum,mid,status,options,qnt,totalprice,regdate,togo)values('180307-1218-0002','S-cl-06','결제완료','빵종류/15cm/H/치즈/추가:더블업/야채전체/소스/단품',2,12800,'2018-03-07 12:18','포장');
insert into orders(ordernum,mid,status,options,qnt,totalprice,regdate,togo)values('180307-1740-0003','S-cl-08','결제완료','빵종류/15cm/H/치즈/추가:추가없음/야채전체/소스/세트',3,20400,'2018-03-07 17:40','포장');
insert into orders(ordernum,mid,status,options,qnt,totalprice,regdate,togo)values('180308-1913-0001','S-pm-19','결제완료','빵종류/30cm/H/치즈/추가:아보카도/야채전체/소스/세트',1,13900,'2018-03-08 19:13','포장');
insert into orders(ordernum,mid,status,options,qnt,totalprice,regdate,togo)values('180309-1354-0001','S-pm-17','결제완료','빵종류/15cm/H/치즈/추가:페퍼로니/야채전체/소스/세트',1,8500,'2018-03-09 13:54','포장');
insert into orders(ordernum,mid,status,options,qnt,totalprice,regdate,togo)values('180309-1623-0002','S-pm-10','결제완료','빵종류/30cm/H/치즈/추가:에그마요/야채전체/소스/단품',1,12200,'2018-03-09 16:23','포장');
insert into orders(ordernum,mid,status,options,qnt,totalprice,regdate,togo)values('180309-1942-0003','S-fl-22','결제완료','빵종류/15cm/H/치즈/추가:더블업/야채전체/소스/단품',1,7300,'2018-03-09 19:42','포장');
insert into orders(ordernum,mid,status,options,qnt,totalprice,regdate,togo)values('180309-2308-0004','S-pm-10','결제완료','빵종류/30cm/H/치즈/추가:오믈렛/야채전체/소스/세트',1,13300,'2018-03-09 23:08','포장');
insert into orders(ordernum,mid,status,options,qnt,totalprice,regdate,togo)values('180310-1509-0001','S-cl-02','결제완료','빵종류/15cm/H/치즈/추가:추가없음/야채전체/소스/단품',1,4500,'2018-03-10 15:09','포장');
insert into orders(ordernum,mid,status,options,qnt,totalprice,regdate,togo)values('180311-0158-0001','S-cl-07','결제완료','빵종류/30cm/H/치즈/추가:추가없음/야채전체/소스/세트',1,10600,'2018-03-11 01:58','매장식사');
insert into orders(ordernum,mid,status,options,qnt,totalprice,regdate,togo)values('180311-1045-0002','S-pm-11','결제완료','빵종류/15cm/H/치즈/추가:베이컨/야채전체/소스/단품',1,6200,'2018-03-11 10:45','포장');
insert into orders(ordernum,mid,status,options,qnt,totalprice,regdate,togo)values('180311-2331-0003','S-pm-11','결제완료','빵종류/30cm/H/치즈/추가:오믈렛/야채전체/소스/단품',1,11400,'2018-03-11 23:31','포장');
insert into orders(ordernum,mid,status,options,qnt,totalprice,regdate,togo)values('180312-0056-0001','S-fl-13','결제완료','빵종류/15cm/H/치즈/추가:더블치즈/야채전체/소스/세트',1,8000,'2018-03-12 00:56','포장');
insert into orders(ordernum,mid,status,options,qnt,totalprice,regdate,togo)values('180312-0348-0002','S-fl-22','결제완료','빵종류/15cm/H/치즈/추가:에그마요/야채전체/소스/세트',1,9200,'2018-03-12 03:48','포장');
insert into orders(ordernum,mid,status,options,qnt,totalprice,regdate,togo)values('180313-0143-0001','S-fl-13','결제완료','빵종류/30cm/H/치즈/추가:베이컨/야채전체/소스/단품',2,22000,'2018-03-13 01:43','포장');
insert into orders(ordernum,mid,status,options,qnt,totalprice,regdate,togo)values('180313-0632-0002','S-fl-04','결제완료','빵종류/30cm/H/치즈/추가:에그마요/야채전체/소스/세트',1,13100,'2018-03-13 06:32','매장식사');
insert into orders(ordernum,mid,status,options,qnt,totalprice,regdate,togo)values('180313-1028-0003','S-cl-01','결제완료','빵종류/30cm/H/치즈/추가:더블치즈/야채전체/소스/단품',1,9800,'2018-03-13 10:28','포장');
insert into orders(ordernum,mid,status,options,qnt,totalprice,regdate,togo)values('180314-0949-0001','S-pm-21','결제완료','빵종류/15cm/H/치즈/추가:베이컨/야채전체/소스/세트',1,8600,'2018-03-14 09:49','포장');
insert into orders(ordernum,mid,status,options,qnt,totalprice,regdate,togo)values('180314-1600-0002','D-SD-07','결제완료','옵션없음',1,1000,'2018-03-14 16:00','포장');
insert into orders(ordernum,mid,status,options,qnt,totalprice,regdate,togo)values('180315-2339-0001','S-pm-10','결제완료','빵종류/30cm/H/치즈/추가:오믈렛/야채전체/소스/세트',1,13300,'2018-03-15 23:39','포장');
insert into orders(ordernum,mid,status,options,qnt,totalprice,regdate,togo)values('180316-0249-0001','S-pm-16','결제완료','빵종류/30cm/H/치즈/추가:더블업/야채전체/소스/단품',1,12800,'2018-03-16 02:49','포장');
insert into orders(ordernum,mid,status,options,qnt,totalprice,regdate,togo)values('180316-1507-0002','S-pm-20','결제완료','빵종류/30cm/H/치즈/추가:더블치즈/야채전체/소스/세트',1,13300,'2018-03-16 15:07','포장');
insert into orders(ordernum,mid,status,options,qnt,totalprice,regdate,togo)values('180316-1512-0003','S-pm-20','결제완료','빵종류/15cm/H/치즈/추가:에그마요/야채전체/소스/세트',1,9200,'2018-03-16 15:12','포장');
insert into orders(ordernum,mid,status,options,qnt,totalprice,regdate,togo)values('180316-2208-0004','C-fl-16','결제완료','선택사항x/선택사항x/선택사항x/선택사항x/추가:페퍼로니/야채전체/소스/세트',1,8500,'2018-03-16 22:08','포장');
insert into orders(ordernum,mid,status,options,qnt,totalprice,regdate,togo)values('180316-2303-0005','S-pm-19','결제완료','빵종류/15cm/H/치즈/추가:아보카도/야채전체/소스/세트',1,8800,'2018-03-16 23:03','매장식사');
insert into orders(ordernum,mid,status,options,qnt,totalprice,regdate,togo)values('180317-0333-0001','S-fl-04','결제완료','빵종류/30cm/H/치즈/추가:에그마요/야채전체/소스/단품',1,11200,'2018-03-17 03:33','포장');
insert into orders(ordernum,mid,status,options,qnt,totalprice,regdate,togo)values('180317-0454-0002','S-cl-06','결제완료','빵종류/15cm/H/치즈/추가:오믈렛/야채전체/소스/세트',1,7900,'2018-03-17 04:54','포장');
insert into orders(ordernum,mid,status,options,qnt,totalprice,regdate,togo)values('180317-0650-0003','S-cl-07','결제완료','빵종류/30cm/H/치즈/추가:아보카도/야채전체/소스/세트',1,12800,'2018-03-17 06:50','포장');
insert into orders(ordernum,mid,status,options,qnt,totalprice,regdate,togo)values('180317-0957-0004','S-pm-12','결제완료','빵종류/15cm/H/치즈/추가:더블치즈/야채전체/소스/세트',1,8000,'2018-03-17 09:57','포장');
insert into orders(ordernum,mid,status,options,qnt,totalprice,regdate,togo)values('180318-2341-0001','S-fl-13','결제완료','빵종류/15cm/H/치즈/추가:오믈렛/야채전체/소스/세트',1,8300,'2018-03-18 23:41','포장');
insert into orders(ordernum,mid,status,options,qnt,totalprice,regdate,togo)values('180319-0603-0001','S-pm-16','결제완료','빵종류/30cm/H/치즈/추가:더블치즈/야채전체/소스/세트',1,13300,'2018-03-19 06:03','포장');
insert into orders(ordernum,mid,status,options,qnt,totalprice,regdate,togo)values('180321-0807-0001','S-fl-22','결제완료','빵종류/15cm/H/치즈/추가:오믈렛/야채전체/소스/단품',1,6900,'2018-03-21 08:07','매장식사');
insert into orders(ordernum,mid,status,options,qnt,totalprice,regdate,togo)values('180321-0835-0001','S-cl-08','결제완료','빵종류/30cm/H/치즈/추가:더블치즈/야채전체/소스/단품',1,10300,'2018-03-21 08:35','포장');
insert into orders(ordernum,mid,status,options,qnt,totalprice,regdate,togo)values('180322-0303-0001','S-cl-05','결제완료','빵종류/15cm/H/치즈/추가:베이컨/야채전체/소스/단품',1,5400,'2018-03-22 03:03','포장');
insert into orders(ordernum,mid,status,options,qnt,totalprice,regdate,togo)values('180322-0533-0002','S-fl-15','결제완료','빵종류/15cm/H/치즈/추가:아보카도/야채전체/소스/단품',1,6900,'2018-03-22 05:33','포장');
insert into orders(ordernum,mid,status,options,qnt,totalprice,regdate,togo)values('180323-0257-0001','S-fl-04','결제완료','빵종류/30cm/H/치즈/추가:아보카도/야채전체/소스/세트',1,12300,'2018-03-23 02:57','포장');
insert into orders(ordernum,mid,status,options,qnt,totalprice,regdate,togo)values('180323-0845-0002','S-fl-22','결제완료','빵종류/30cm/H/치즈/추가:더블치즈/야채전체/소스/단품',1,11400,'2018-03-23 08:45','포장');
insert into orders(ordernum,mid,status,options,qnt,totalprice,regdate,togo)values('180323-2236-0003','S-pm-20','결제완료','빵종류/15cm/H/치즈/추가:페퍼로니/야채전체/소스/세트',1,8500,'2018-03-23 22:36','포장');
insert into orders(ordernum,mid,status,options,qnt,totalprice,regdate,togo)values('180324-0345-0001','S-fl-22','결제완료','빵종류/30cm/H/치즈/추가:아보카도/야채전체/소스/단품',1,12000,'2018-03-24 03:45','포장');
insert into orders(ordernum,mid,status,options,qnt,totalprice,regdate,togo)values('180325-0548-0001','C-pm-20','결제완료','선택사항x/선택사항x/선택사항x/선택사항x/추가:에그마요/야채전체/소스/세트',1,11900,'2018-03-25 05:48','매장식사');
insert into orders(ordernum,mid,status,options,qnt,totalprice,regdate,togo)values('180325-0853-0002','S-pm-20','결제완료','빵종류/30cm/H/치즈/추가:더블치즈/야채전체/소스/세트',1,13300,'2018-03-25 08:53','포장');
insert into orders(ordernum,mid,status,options,qnt,totalprice,regdate,togo)values('180325-1551-0003','C-fl-15','결제완료','선택사항x/선택사항x/선택사항x/선택사항x/추가:베이컨/야채전체/소스/단품',1,8000,'2018-03-25 15:51','포장');
insert into orders(ordernum,mid,status,options,qnt,totalprice,regdate,togo)values('180328-0434-0001','S-cl-05','결제완료','빵종류/30cm/H/치즈/추가:에그마요/야채전체/소스/세트',1,13100,'2018-03-28 04:34','포장');
insert into orders(ordernum,mid,status,options,qnt,totalprice,regdate,togo)values('180328-0548-0002','S-pm-16','결제완료','빵종류/15cm/H/치즈/추가:추가없음/야채전체/소스/단품',1,5800,'2018-03-28 05:48','포장');
insert into orders(ordernum,mid,status,options,qnt,totalprice,regdate,togo)values('180328-0645-0003','S-cl-06','결제완료','빵종류/15cm/H/치즈/추가:추가없음/야채전체/소스/세트',1,6800,'2018-03-28 06:45','포장');
insert into orders(ordernum,mid,status,options,qnt,totalprice,regdate,togo)values('180328-0946-0004','S-pm-21','결제완료','빵종류/15cm/H/치즈/추가:오믈렛/야채전체/소스/단품',1,6900,'2018-03-28 09:46','포장');
insert into orders(ordernum,mid,status,options,qnt,totalprice,regdate,togo)values('180328-1519-0005','S-cl-05','결제완료','빵종류/30cm/H/치즈/추가:더블업/야채전체/소스/세트',1,13100,'2018-03-28 15:19','매장식사');
insert into orders(ordernum,mid,status,options,qnt,totalprice,regdate,togo)values('180328-1950-0006','S-pm-12','결제완료','빵종류/15cm/H/치즈/추가:페퍼로니/야채전체/소스/단품',1,6100,'2018-03-28 19:50','포장');
insert into orders(ordernum,mid,status,options,qnt,totalprice,regdate,togo)values('180328-2241-0007','S-pm-10','결제완료','빵종류/30cm/H/치즈/추가:더블업/야채전체/소스/단품',1,12200,'2018-03-28 22:41','포장');
insert into orders(ordernum,mid,status,options,qnt,totalprice,regdate,togo)values('180329-0215-0001','C-pm-19','결제완료','선택사항x/선택사항x/선택사항x/선택사항x/추가:오믈렛/야채전체/소스/세트',1,10000,'2018-03-29 02:15','매장식사');
insert into orders(ordernum,mid,status,options,qnt,totalprice,regdate,togo)values('180329-0414-0002','S-pm-14','결제완료','빵종류/30cm/H/치즈/추가:에그마요/야채전체/소스/단품',1,12800,'2018-03-29 04:14','매장식사');
insert into orders(ordernum,mid,status,options,qnt,totalprice,regdate,togo)values('180329-1424-0003','S-pm-14','결제완료','빵종류/30cm/H/치즈/추가:오믈렛/야채전체/소스/세트',1,13900,'2018-03-29 14:24','포장');
insert into orders(ordernum,mid,status,options,qnt,totalprice,regdate,togo)values('180330-0653-0001','S-cl-05','결제완료','빵종류/15cm/H/치즈/추가:에그마요/야채전체/소스/단품',1,6000,'2018-03-30 06:53','포장');
insert into orders(ordernum,mid,status,options,qnt,totalprice,regdate,togo)values('180331-0311-0001','S-cl-02','결제완료','빵종류/30cm/H/치즈/추가:아보카도/야채전체/소스/단품',1,10400,'2018-03-31 03:11','포장');
insert into orders(ordernum,mid,status,options,qnt,totalprice,regdate,togo)values('180331-0556-0002','S-pm-16','결제완료','빵종류/30cm/H/치즈/추가:페퍼로니/야채전체/소스/단품',1,11400,'2018-03-31 05:56','포장');
insert into orders(ordernum,mid,status,options,qnt,totalprice,regdate,togo)values('180331-1044-0003','S-pm-10','결제완료','빵종류/30cm/H/치즈/추가:에그마요/야채전체/소스/세트',1,14100,'2018-03-31 10:44','포장');
insert into orders(ordernum,mid,status,options,qnt,totalprice,regdate,togo)values('180331-1400-0004','S-pm-17','결제완료','빵종류/30cm/H/치즈/추가:오믈렛/야채전체/소스/단품',1,12000,'2018-03-31 14:00','포장');
insert into orders(ordernum,mid,status,options,qnt,totalprice,regdate,togo)values('180331-1953-0005','C-pm-21','결제완료','선택사항x/선택사항x/선택사항x/선택사항x/추가:더블업/야채전체/소스/단품',1,8100,'2018-03-31 19:53','포장');
insert into orders(ordernum,mid,status,options,qnt,totalprice,regdate,togo)values('180402-0007-0001','S-fl-13','결제완료','빵종류/15cm/H/치즈/추가:더블치즈/야채전체/소스/단품',1,6100,'2018-04-02 00:07','포장');
insert into orders(ordernum,mid,status,options,qnt,totalprice,regdate,togo)values('180402-0454-0002','S-pm-21','결제완료','빵종류/30cm/H/치즈/추가:오믈렛/야채전체/소스/세트',2,27800,'2018-04-02 04:54','포장');
insert into orders(ordernum,mid,status,options,qnt,totalprice,regdate,togo)values('180403-0316-0001','M-02-01','결제완료','빵종류/15cm/H/치즈/추가:오믈렛/야채전체/소스/세트',1,5900,'2018-04-03 03:16','포장');
insert into orders(ordernum,mid,status,options,qnt,totalprice,regdate,togo)values('180403-1314-0002','S-pm-14','결제완료','빵종류/15cm/H/치즈/추가:더블업/야채전체/소스/세트',1,9200,'2018-04-03 13:14','포장');
insert into orders(ordernum,mid,status,options,qnt,totalprice,regdate,togo)values('180404-0514-0001','S-pm-12','결제완료','빵종류/30cm/H/치즈/추가:추가없음/야채전체/소스/세트',1,11100,'2018-04-04 05:14','포장');
insert into orders(ordernum,mid,status,options,qnt,totalprice,regdate,togo)values('180405-2132-0001','D-SD-02','결제완료','옵션없음',2,5800,'2018-04-05 21:32','포장');
insert into orders(ordernum,mid,status,options,qnt,totalprice,regdate,togo)values('180406-1451-0001','S-cl-02','결제완료','빵종류/15cm/H/치즈/추가:에그마요/야채전체/소스/단품',1,6000,'2018-04-06 14:51','포장');
insert into orders(ordernum,mid,status,options,qnt,totalprice,regdate,togo)values('180406-1747-0002','S-fl-09','결제완료','빵종류/30cm/H/치즈/추가:베이컨/야채전체/소스/단품',1,10500,'2018-04-06 17:47','포장');
insert into orders(ordernum,mid,status,options,qnt,totalprice,regdate,togo)values('180406-1802-0003','S-fl-03','결제완료','빵종류/30cm/H/치즈/추가:에그마요/야채전체/소스/세트',1,13100,'2018-04-06 18:02','포장');
insert into orders(ordernum,mid,status,options,qnt,totalprice,regdate,togo)values('180407-1131-0001','S-fl-18','결제완료','빵종류/15cm/H/치즈/추가:페퍼로니/야채전체/소스/세트',1,8500,'2018-04-07 11:31','포장');
insert into orders(ordernum,mid,status,options,qnt,totalprice,regdate,togo)values('180407-1532-0002','S-pm-21','결제완료','빵종류/15cm/H/치즈/추가:오믈렛/야채전체/소스/세트',1,8800,'2018-04-07 15:32','포장');
insert into orders(ordernum,mid,status,options,qnt,totalprice,regdate,togo)values('180409-0120-0001','S-cl-02','결제완료','빵종류/30cm/H/치즈/추가:오믈렛/야채전체/소스/단품',1,10400,'2018-04-09 01:20','포장');
insert into orders(ordernum,mid,status,options,qnt,totalprice,regdate,togo)values('180410-0004-0001','S-cl-08','결제완료','빵종류/30cm/H/치즈/추가:베이컨/야채전체/소스/세트',1,12400,'2018-04-10 00:04','포장');
insert into orders(ordernum,mid,status,options,qnt,totalprice,regdate,togo)values('180410-0043-0002','S-pm-14','결제완료','빵종류/30cm/H/치즈/추가:페퍼로니/야채전체/소스/세트',1,13300,'2018-04-10 00:43','포장');
insert into orders(ordernum,mid,status,options,qnt,totalprice,regdate,togo)values('180410-1324-0003','S-cl-02','결제완료','빵종류/30cm/H/치즈/추가:오믈렛/야채전체/소스/단품',1,10400,'2018-04-10 13:24','포장');
insert into orders(ordernum,mid,status,options,qnt,totalprice,regdate,togo)values('180411-0533-0001','S-fl-18','결제완료','빵종류/30cm/H/치즈/추가:추가없음/야채전체/소스/단품',1,9800,'2018-04-11 05:33','포장');
insert into orders(ordernum,mid,status,options,qnt,totalprice,regdate,togo)values('180411-0826-0002','S-pm-11','결제완료','빵종류/15cm/H/치즈/추가:페퍼로니/야채전체/소스/세트',3,24000,'2018-04-11 08:26','포장');
insert into orders(ordernum,mid,status,options,qnt,totalprice,regdate,togo)values('180411-1216-0003','S-cl-05','결제완료','빵종류/30cm/H/치즈/추가:추가없음/야채전체/소스/세트',1,10100,'2018-04-11 12:16','포장');
insert into orders(ordernum,mid,status,options,qnt,totalprice,regdate,togo)values('180412-0300-0001','S-cl-01','결제완료','빵종류/15cm/H/치즈/추가:아보카도/야채전체/소스/단품',1,5600,'2018-04-12 03:00','포장');
insert into orders(ordernum,mid,status,options,qnt,totalprice,regdate,togo)values('180412-0338-0002','S-fl-22','결제완료','빵종류/15cm/H/치즈/추가:아보카도/야채전체/소스/단품',1,6900,'2018-04-12 03:38','포장');
insert into orders(ordernum,mid,status,options,qnt,totalprice,regdate,togo)values('180413-0400-0001','S-cl-05','결제완료','빵종류/15cm/H/치즈/추가:추가없음/야채전체/소스/세트',1,6400,'2018-04-13 04:00','매장식사');
insert into orders(ordernum,mid,status,options,qnt,totalprice,regdate,togo)values('180413-0405-0002','S-pm-19','결제완료','빵종류/30cm/H/치즈/추가:오믈렛/야채전체/소스/세트',1,13900,'2018-04-13 04:05','포장');
insert into orders(ordernum,mid,status,options,qnt,totalprice,regdate,togo)values('180413-1701-0003','S-cl-08','결제완료','빵종류/30cm/H/치즈/추가:베이컨/야채전체/소스/단품',1,10500,'2018-04-13 17:01','포장');
insert into orders(ordernum,mid,status,options,qnt,totalprice,regdate,togo)values('180413-1947-0004','S-fl-18','결제완료','빵종류/30cm/H/치즈/추가:에그마요/야채전체/소스/단품',1,12800,'2018-04-13 19:47','포장');
insert into orders(ordernum,mid,status,options,qnt,totalprice,regdate,togo)values('180413-2032-0005','M-04-01','결제완료','빵종류/15cm/H/치즈/추가:페퍼로니/야채전체/소스/단품',1,1600,'2018-04-13 20:32','포장');
insert into orders(ordernum,mid,status,options,qnt,totalprice,regdate,togo)values('180414-0001-0001','S-pm-12','결제완료','빵종류/30cm/H/치즈/추가:추가없음/야채전체/소스/세트',1,11100,'2018-04-14 00:01','매장식사');
insert into orders(ordernum,mid,status,options,qnt,totalprice,regdate,togo)values('180414-1615-0002','S-pm-17','결제완료','빵종류/15cm/H/치즈/추가:오믈렛/야채전체/소스/단품',1,6900,'2018-04-14 16:15','포장');
insert into orders(ordernum,mid,status,options,qnt,totalprice,regdate,togo)values('180414-2315-0003','S-cl-07','결제완료','빵종류/30cm/H/치즈/추가:에그마요/야채전체/소스/세트',1,13600,'2018-04-14 23:15','포장');
insert into orders(ordernum,mid,status,options,qnt,totalprice,regdate,togo)values('180415-0052-0001','S-fl-15','결제완료','빵종류/30cm/H/치즈/추가:아보카도/야채전체/소스/세트',1,13900,'2018-04-15 00:52','포장');
insert into orders(ordernum,mid,status,options,qnt,totalprice,regdate,togo)values('180415-1011-0002','S-fl-22','결제완료','빵종류/30cm/H/치즈/추가:오믈렛/야채전체/소스/세트',1,13900,'2018-04-15 10:11','포장');
insert into orders(ordernum,mid,status,options,qnt,totalprice,regdate,togo)values('180415-2329-0003','S-fl-15','결제완료','빵종류/15cm/H/치즈/추가:에그마요/야채전체/소스/세트',1,9200,'2018-04-15 23:29','포장');
insert into orders(ordernum,mid,status,options,qnt,totalprice,regdate,togo)values('180415-2351-0004','S-cl-02','결제완료','빵종류/15cm/H/치즈/추가:더블업/야채전체/소스/세트',2,15800,'2018-04-15 23:51','포장');
insert into orders(ordernum,mid,status,options,qnt,totalprice,regdate,togo)values('180417-0109-0001','S-fl-09','결제완료','빵종류/30cm/H/치즈/추가:더블치즈/야채전체/소스/세트',1,12200,'2018-04-17 01:09','포장');
insert into orders(ordernum,mid,status,options,qnt,totalprice,regdate,togo)values('180417-2110-0002','S-pm-19','결제완료','빵종류/15cm/H/치즈/추가:더블치즈/야채전체/소스/세트',1,8500,'2018-04-17 21:10','포장');
insert into orders(ordernum,mid,status,options,qnt,totalprice,regdate,togo)values('180418-1655-0001','S-pm-21','결제완료','빵종류/30cm/H/치즈/추가:더블업/야채전체/소스/단품',1,12800,'2018-04-18 16:55','포장');
insert into orders(ordernum,mid,status,options,qnt,totalprice,regdate,togo)values('180419-0234-0001','S-pm-10','결제완료','빵종류/15cm/H/치즈/추가:아보카도/야채전체/소스/단품',1,6400,'2018-04-19 02:34','포장');
insert into orders(ordernum,mid,status,options,qnt,totalprice,regdate,togo)values('180423-0057-0001','S-fl-04','결제완료','빵종류/30cm/H/치즈/추가:베이컨/야채전체/소스/단품',1,10000,'2018-04-23 00:57','포장');
insert into orders(ordernum,mid,status,options,qnt,totalprice,regdate,togo)values('180423-1222-0002','S-pm-11','결제완료','빵종류/30cm/H/치즈/추가:더블업/야채전체/소스/세트',1,14100,'2018-04-23 12:22','포장');
insert into orders(ordernum,mid,status,options,qnt,totalprice,regdate,togo)values('180425-1706-0001','D-DR-11','결제완료','옵션없음',1,1000,'2018-04-25 17:06','포장');
insert into orders(ordernum,mid,status,options,qnt,totalprice,regdate,togo)values('180426-1109-0001','S-pm-11','결제완료','빵종류/30cm/H/치즈/추가:아보카도/야채전체/소스/단품',1,11400,'2018-04-26 11:09','포장');
insert into orders(ordernum,mid,status,options,qnt,totalprice,regdate,togo)values('180426-1500-0002','S-fl-15','결제완료','빵종류/30cm/H/치즈/추가:추가없음/야채전체/소스/단품',1,9800,'2018-04-26 15:00','포장');
insert into orders(ordernum,mid,status,options,qnt,totalprice,regdate,togo)values('180426-1525-0003','S-cl-08','결제완료','빵종류/15cm/H/치즈/추가:더블업/야채전체/소스/단품',1,6400,'2018-04-26 15:25','매장식사');
insert into orders(ordernum,mid,status,options,qnt,totalprice,regdate,togo)values('180426-2151-0004','C-fl-13','결제완료','선택사항x/선택사항x/선택사항x/선택사항x/추가:더블치즈/야채전체/소스/세트',1,9700,'2018-04-26 21:51','매장식사');
insert into orders(ordernum,mid,status,options,qnt,totalprice,regdate,togo)values('180427-0301-0001','S-cl-05','결제완료','빵종류/15cm/H/치즈/추가:아보카도/야채전체/소스/세트',1,7500,'2018-04-27 03:01','포장');
insert into orders(ordernum,mid,status,options,qnt,totalprice,regdate,togo)values('180427-1452-0002','S-fl-09','결제완료','빵종류/15cm/H/치즈/추가:추가없음/야채전체/소스/세트',1,6800,'2018-04-27 14:52','포장');
insert into orders(ordernum,mid,status,options,qnt,totalprice,regdate,togo)values('180428-0157-0001','S-fl-09','결제완료','빵종류/15cm/H/치즈/추가:더블업/야채전체/소스/단품',2,12800,'2018-04-28 01:57','포장');
insert into orders(ordernum,mid,status,options,qnt,totalprice,regdate,togo)values('180428-0726-0002','S-fl-15','결제완료','빵종류/15cm/H/치즈/추가:페퍼로니/야채전체/소스/단품',3,19800,'2018-04-28 07:26','매장식사');
insert into orders(ordernum,mid,status,options,qnt,totalprice,regdate,togo)values('180428-1229-0003','S-fl-22','결제완료','빵종류/15cm/H/치즈/추가:오믈렛/야채전체/소스/단품',1,6900,'2018-04-28 12:29','포장');
insert into orders(ordernum,mid,status,options,qnt,totalprice,regdate,togo)values('180428-2357-0004','S-pm-19','결제완료','빵종류/30cm/H/치즈/추가:베이컨/야채전체/소스/세트',1,13500,'2018-04-28 23:57','포장');
insert into orders(ordernum,mid,status,options,qnt,totalprice,regdate,togo)values('180429-0500-0001','S-fl-18','결제완료','빵종류/30cm/H/치즈/추가:아보카도/야채전체/소스/단품',1,12000,'2018-04-29 05:00','포장');
insert into orders(ordernum,mid,status,options,qnt,totalprice,regdate,togo)values('180429-0935-0002','S-fl-15','결제완료','빵종류/15cm/H/치즈/추가:더블업/야채전체/소스/단품',2,14600,'2018-04-29 09:35','포장');
insert into orders(ordernum,mid,status,options,qnt,totalprice,regdate,togo)values('180429-1416-0003','S-cl-06','결제완료','빵종류/15cm/H/치즈/추가:베이컨/야채전체/소스/세트',1,7700,'2018-04-29 14:16','포장');
insert into orders(ordernum,mid,status,options,qnt,totalprice,regdate,togo)values('180429-2145-0004','S-cl-07','결제완료','빵종류/15cm/H/치즈/추가:더블치즈/야채전체/소스/세트',1,7600,'2018-04-29 21:45','매장식사');
insert into orders(ordernum,mid,status,options,qnt,totalprice,regdate,togo)values('180430-0848-0001','S-cl-06','결제완료','빵종류/15cm/H/치즈/추가:더블업/야채전체/소스/세트',1,8300,'2018-04-30 08:48','포장');
insert into orders(ordernum,mid,status,options,qnt,totalprice,regdate,togo)values('180430-2103-0002','S-pm-16','결제완료','빵종류/30cm/H/치즈/추가:아보카도/야채전체/소스/세트',1,13900,'2018-04-30 21:03','포장');
insert into orders(ordernum,mid,status,options,qnt,totalprice,regdate,togo)values('180502-0045-0001','S-pm-14','결제완료','빵종류/15cm/H/치즈/추가:베이컨/야채전체/소스/단품',1,6700,'2018-05-02 00:45','매장식사');
insert into orders(ordernum,mid,status,options,qnt,totalprice,regdate,togo)values('180502-1717-0002','S-cl-01','결제완료','빵종류/30cm/H/치즈/추가:더블치즈/야채전체/소스/세트',1,11700,'2018-05-02 17:17','포장');
insert into orders(ordernum,mid,status,options,qnt,totalprice,regdate,togo)values('180503-0035-0001','S-pm-20','결제완료','빵종류/30cm/H/치즈/추가:추가없음/야채전체/소스/세트',1,11700,'2018-05-03 00:35','포장');
insert into orders(ordernum,mid,status,options,qnt,totalprice,regdate,togo)values('180503-2107-0002','S-pm-16','결제완료','빵종류/15cm/H/치즈/추가:아보카도/야채전체/소스/세트',1,8800,'2018-05-03 21:07','포장');
insert into orders(ordernum,mid,status,options,qnt,totalprice,regdate,togo)values('180504-2355-0001','S-cl-02','결제완료','빵종류/30cm/H/치즈/추가:더블업/야채전체/소스/세트',1,13100,'2018-05-04 23:55','포장');
insert into orders(ordernum,mid,status,options,qnt,totalprice,regdate,togo)values('180505-0203-0001','S-fl-04','결제완료','빵종류/15cm/H/치즈/추가:오믈렛/야채전체/소스/단품',1,5600,'2018-05-05 02:03','포장');
insert into orders(ordernum,mid,status,options,qnt,totalprice,regdate,togo)values('180505-1123-0002','S-fl-04','결제완료','빵종류/30cm/H/치즈/추가:아보카도/야채전체/소스/세트',1,12300,'2018-05-05 11:23','포장');
insert into orders(ordernum,mid,status,options,qnt,totalprice,regdate,togo)values('180506-1807-0001','S-fl-18','결제완료','빵종류/30cm/H/치즈/추가:에그마요/야채전체/소스/단품',1,12800,'2018-05-06 18:07','포장');
insert into orders(ordernum,mid,status,options,qnt,totalprice,regdate,togo)values('180506-2104-0002','S-pm-11','결제완료','빵종류/15cm/H/치즈/추가:베이컨/야채전체/소스/단품',1,6200,'2018-05-06 21:04','매장식사');
insert into orders(ordernum,mid,status,options,qnt,totalprice,regdate,togo)values('180507-1304-0001','S-pm-21','결제완료','빵종류/30cm/H/치즈/추가:추가없음/야채전체/소스/세트',1,11700,'2018-05-07 13:04','포장');
insert into orders(ordernum,mid,status,options,qnt,totalprice,regdate,togo)values('180507-1413-0002','S-fl-13','결제완료','빵종류/15cm/H/치즈/추가:더블치즈/야채전체/소스/세트',1,8000,'2018-05-07 14:13','포장');
insert into orders(ordernum,mid,status,options,qnt,totalprice,regdate,togo)values('180510-0138-0001','C-cl-08','결제완료','선택사항x/선택사항x/선택사항x/선택사항x/추가:더블치즈/야채전체/소스/단품',1,7400,'2018-05-10 01:38','포장');
insert into orders(ordernum,mid,status,options,qnt,totalprice,regdate,togo)values('180510-1655-0002','S-cl-01','결제완료','빵종류/15cm/H/치즈/추가:베이컨/야채전체/소스/세트',1,7300,'2018-05-10 16:55','포장');
insert into orders(ordernum,mid,status,options,qnt,totalprice,regdate,togo)values('180511-0020-0001','S-cl-01','결제완료','빵종류/15cm/H/치즈/추가:아보카도/야채전체/소스/단품',1,5600,'2018-05-11 00:20','포장');
insert into orders(ordernum,mid,status,options,qnt,totalprice,regdate,togo)values('180511-0604-0002','S-pm-16','결제완료','빵종류/30cm/H/치즈/추가:아보카도/야채전체/소스/단품',1,12000,'2018-05-11 06:04','포장');
insert into orders(ordernum,mid,status,options,qnt,totalprice,regdate,togo)values('180511-0624-0003','S-cl-06','결제완료','빵종류/15cm/H/치즈/추가:아보카도/야채전체/소스/세트',1,7900,'2018-05-11 06:24','포장');
insert into orders(ordernum,mid,status,options,qnt,totalprice,regdate,togo)values('180511-0739-0004','S-pm-11','결제완료','빵종류/15cm/H/치즈/추가:아보카도/야채전체/소스/세트',1,8300,'2018-05-11 07:39','포장');
insert into orders(ordernum,mid,status,options,qnt,totalprice,regdate,togo)values('180511-1629-0005','S-pm-21','결제완료','빵종류/15cm/H/치즈/추가:아보카도/야채전체/소스/단품',1,6900,'2018-05-11 16:29','매장식사');
insert into orders(ordernum,mid,status,options,qnt,totalprice,regdate,togo)values('180512-0720-0001','S-pm-10','결제완료','빵종류/15cm/H/치즈/추가:더블치즈/야채전체/소스/단품',1,6100,'2018-05-12 07:20','매장식사');
insert into orders(ordernum,mid,status,options,qnt,totalprice,regdate,togo)values('180512-0803-0002','S-pm-21','결제완료','빵종류/30cm/H/치즈/추가:베이컨/야채전체/소스/세트',1,13500,'2018-05-12 08:03','포장');
insert into orders(ordernum,mid,status,options,qnt,totalprice,regdate,togo)values('180512-0942-0003','S-fl-09','결제완료','빵종류/15cm/H/치즈/추가:추가없음/야채전체/소스/단품',1,4900,'2018-05-12 09:42','포장');
insert into orders(ordernum,mid,status,options,qnt,totalprice,regdate,togo)values('180512-1303-0004','S-cl-07','결제완료','빵종류/30cm/H/치즈/추가:아보카도/야채전체/소스/단품',1,10900,'2018-05-12 13:03','포장');
insert into orders(ordernum,mid,status,options,qnt,totalprice,regdate,togo)values('180513-0112-0001','S-cl-02','결제완료','빵종류/30cm/H/치즈/추가:더블업/야채전체/소스/단품',1,11200,'2018-05-13 01:12','포장');
insert into orders(ordernum,mid,status,options,qnt,totalprice,regdate,togo)values('180513-0123-0002','S-fl-18','결제완료','빵종류/15cm/H/치즈/추가:더블업/야채전체/소스/단품',1,7300,'2018-05-13 01:23','포장');
insert into orders(ordernum,mid,status,options,qnt,totalprice,regdate,togo)values('180513-1837-0003','S-fl-22','결제완료','빵종류/30cm/H/치즈/추가:에그마요/야채전체/소스/단품',1,12800,'2018-05-13 18:37','포장');
insert into orders(ordernum,mid,status,options,qnt,totalprice,regdate,togo)values('180514-0000-0001','S-pm-10','결제완료','빵종류/30cm/H/치즈/추가:추가없음/야채전체/소스/세트',1,11100,'2018-05-14 00:00','포장');
insert into orders(ordernum,mid,status,options,qnt,totalprice,regdate,togo)values('180515-1453-0001','S-pm-16','결제완료','빵종류/15cm/H/치즈/추가:페퍼로니/야채전체/소스/단품',1,6600,'2018-05-15 14:53','포장');
insert into orders(ordernum,mid,status,options,qnt,totalprice,regdate,togo)values('180515-1550-0002','S-pm-14','결제완료','빵종류/15cm/H/치즈/추가:에그마요/야채전체/소스/세트',1,9200,'2018-05-15 15:50','포장');
insert into orders(ordernum,mid,status,options,qnt,totalprice,regdate,togo)values('180516-1149-0001','S-fl-03','결제완료','빵종류/15cm/H/치즈/추가:베이컨/야채전체/소스/세트',1,7300,'2018-05-16 11:49','매장식사');
insert into orders(ordernum,mid,status,options,qnt,totalprice,regdate,togo)values('180516-1448-0002','S-fl-09','결제완료','빵종류/15cm/H/치즈/추가:에그마요/야채전체/소스/세트',1,8300,'2018-05-16 14:48','포장');
insert into orders(ordernum,mid,status,options,qnt,totalprice,regdate,togo)values('180517-1331-0001','S-pm-11','결제완료','빵종류/30cm/H/치즈/추가:오믈렛/야채전체/소스/세트',2,26600,'2018-05-17 13:31','포장');
insert into orders(ordernum,mid,status,options,qnt,totalprice,regdate,togo)values('180518-1420-0001','S-pm-20','결제완료','빵종류/30cm/H/치즈/추가:더블치즈/야채전체/소스/단품',1,11400,'2018-05-18 14:20','포장');
insert into orders(ordernum,mid,status,options,qnt,totalprice,regdate,togo)values('180519-0814-0001','S-pm-21','결제완료','빵종류/30cm/H/치즈/추가:에그마요/야채전체/소스/단품',1,12800,'2018-05-19 08:14','매장식사');
insert into orders(ordernum,mid,status,options,qnt,totalprice,regdate,togo)values('180519-2333-0002','S-cl-02','결제완료','빵종류/15cm/H/치즈/추가:에그마요/야채전체/소스/단품',1,6000,'2018-05-19 23:33','포장');
insert into orders(ordernum,mid,status,options,qnt,totalprice,regdate,togo)values('180520-1124-0001','S-pm-16','결제완료','빵종류/30cm/H/치즈/추가:더블업/야채전체/소스/단품',3,38400,'2018-05-20 11:24','포장');
insert into orders(ordernum,mid,status,options,qnt,totalprice,regdate,togo)values('180521-0139-0001','S-cl-08','결제완료','빵종류/15cm/H/치즈/추가:베이컨/야채전체/소스/단품',1,5800,'2018-05-21 01:39','포장');
insert into orders(ordernum,mid,status,options,qnt,totalprice,regdate,togo)values('180521-1211-0002','S-cl-08','결제완료','빵종류/30cm/H/치즈/추가:오믈렛/야채전체/소스/단품',1,10900,'2018-05-21 12:11','매장식사');
insert into orders(ordernum,mid,status,options,qnt,totalprice,regdate,togo)values('180521-1736-0003','C-pm-01','결제완료','선택사항x/선택사항x/선택사항x/선택사항x/추가:페퍼로니/야채전체/소스/세트',1,9700,'2018-05-21 17:36','포장');
insert into orders(ordernum,mid,status,options,qnt,totalprice,regdate,togo)values('180523-0303-0001','S-pm-21','결제완료','빵종류/15cm/H/치즈/추가:페퍼로니/야채전체/소스/세트',1,8500,'2018-05-23 03:03','매장식사');
insert into orders(ordernum,mid,status,options,qnt,totalprice,regdate,togo)values('180523-1725-0002','S-fl-03','결제완료','빵종류/30cm/H/치즈/추가:추가없음/야채전체/소스/세트',1,10100,'2018-05-23 17:25','포장');
insert into orders(ordernum,mid,status,options,qnt,totalprice,regdate,togo)values('180524-0002-0001','S-cl-05','결제완료','빵종류/15cm/H/치즈/추가:에그마요/야채전체/소스/세트',3,23700,'2018-05-24 00:02','포장');
insert into orders(ordernum,mid,status,options,qnt,totalprice,regdate,togo)values('180524-0718-0002','C-cl-07','결제완료','선택사항x/선택사항x/선택사항x/선택사항x/추가:에그마요/야채전체/소스/단품',1,7700,'2018-05-24 07:18','포장');
insert into orders(ordernum,mid,status,options,qnt,totalprice,regdate,togo)values('180524-0914-0003','S-cl-06','결제완료','빵종류/15cm/H/치즈/추가:더블치즈/야채전체/소스/단품',1,5700,'2018-05-24 09:14','포장');
insert into orders(ordernum,mid,status,options,qnt,totalprice,regdate,togo)values('180524-1042-0004','S-fl-22','결제완료','빵종류/30cm/H/치즈/추가:더블업/야채전체/소스/세트',1,14700,'2018-05-24 10:42','매장식사');
insert into orders(ordernum,mid,status,options,qnt,totalprice,regdate,togo)values('180524-1219-0005','S-pm-17','결제완료','빵종류/15cm/H/치즈/추가:에그마요/야채전체/소스/세트',1,9200,'2018-05-24 12:19','포장');
insert into orders(ordernum,mid,status,options,qnt,totalprice,regdate,togo)values('180525-0315-0001','S-cl-08','결제완료','빵종류/30cm/H/치즈/추가:페퍼로니/야채전체/소스/단품',1,10300,'2018-05-25 03:15','포장');
insert into orders(ordernum,mid,status,options,qnt,totalprice,regdate,togo)values('180525-1139-0002','S-pm-19','결제완료','빵종류/30cm/H/치즈/추가:페퍼로니/야채전체/소스/세트',1,13300,'2018-05-25 11:39','포장');
insert into orders(ordernum,mid,status,options,qnt,totalprice,regdate,togo)values('180525-1417-0003','S-cl-01','결제완료','빵종류/15cm/H/치즈/추가:추가없음/야채전체/소스/세트',1,6400,'2018-05-25 14:17','포장');
insert into orders(ordernum,mid,status,options,qnt,totalprice,regdate,togo)values('180526-0529-0001','S-fl-18','결제완료','빵종류/30cm/H/치즈/추가:에그마요/야채전체/소스/단품',1,12800,'2018-05-26 05:29','포장');
insert into orders(ordernum,mid,status,options,qnt,totalprice,regdate,togo)values('180526-0848-0002','S-fl-15','결제완료','빵종류/15cm/H/치즈/추가:페퍼로니/야채전체/소스/세트',1,8500,'2018-05-26 08:48','포장');
insert into orders(ordernum,mid,status,options,qnt,totalprice,regdate,togo)values('180526-1553-0003','S-pm-21','결제완료','빵종류/15cm/H/치즈/추가:아보카도/야채전체/소스/세트',1,8800,'2018-05-26 15:53','포장');
insert into orders(ordernum,mid,status,options,qnt,totalprice,regdate,togo)values('180527-0512-0001','S-pm-14','결제완료','빵종류/15cm/H/치즈/추가:베이컨/야채전체/소스/단품',1,6700,'2018-05-27 05:12','포장');
insert into orders(ordernum,mid,status,options,qnt,totalprice,regdate,togo)values('180527-2133-0002','S-cl-05','결제완료','빵종류/30cm/H/치즈/추가:더블업/야채전체/소스/세트',1,13100,'2018-05-27 21:33','포장');
insert into orders(ordernum,mid,status,options,qnt,totalprice,regdate,togo)values('180527-2244-0003','S-cl-05','결제완료','빵종류/15cm/H/치즈/추가:오믈렛/야채전체/소스/세트',1,7500,'2018-05-27 22:44','포장');
insert into orders(ordernum,mid,status,options,qnt,totalprice,regdate,togo)values('180528-0549-0001','S-fl-09','결제완료','빵종류/15cm/H/치즈/추가:베이컨/야채전체/소스/세트',1,7700,'2018-05-28 05:49','포장');
insert into orders(ordernum,mid,status,options,qnt,totalprice,regdate,togo)values('180528-1655-0002','S-cl-01','결제완료','빵종류/15cm/H/치즈/추가:더블업/야채전체/소스/세트',1,7900,'2018-05-28 16:55','포장');
insert into orders(ordernum,mid,status,options,qnt,totalprice,regdate,togo)values('180528-1812-0003','S-cl-08','결제완료','빵종류/30cm/H/치즈/추가:더블치즈/야채전체/소스/단품',1,10300,'2018-05-28 18:12','매장식사');
insert into orders(ordernum,mid,status,options,qnt,totalprice,regdate,togo)values('180529-1022-0001','S-fl-04','결제완료','빵종류/30cm/H/치즈/추가:아보카도/야채전체/소스/단품',1,10400,'2018-05-29 10:22','포장');
insert into orders(ordernum,mid,status,options,qnt,totalprice,regdate,togo)values('180529-1408-0002','S-fl-13','결제완료','빵종류/30cm/H/치즈/추가:오믈렛/야채전체/소스/세트',1,13300,'2018-05-29 14:08','포장');
insert into orders(ordernum,mid,status,options,qnt,totalprice,regdate,togo)values('180529-1459-0003','S-fl-15','결제완료','빵종류/15cm/H/치즈/추가:더블업/야채전체/소스/단품',1,7300,'2018-05-29 14:59','매장식사');
insert into orders(ordernum,mid,status,options,qnt,totalprice,regdate,togo)values('180531-0754-0001','S-fl-03','결제완료','빵종류/15cm/H/치즈/추가:페퍼로니/야채전체/소스/단품',1,5300,'2018-05-31 07:54','포장');
insert into orders(ordernum,mid,status,options,qnt,totalprice,regdate,togo)values('180531-0949-0002','S-cl-05','결제완료','빵종류/15cm/H/치즈/추가:오믈렛/야채전체/소스/세트',1,7500,'2018-05-31 09:49','포장');
insert into orders(ordernum,mid,status,options,qnt,totalprice,regdate,togo)values('180531-1935-0003','S-fl-09','결제완료','빵종류/15cm/H/치즈/추가:더블치즈/야채전체/소스/세트',1,7600,'2018-05-31 19:35','포장');
insert into orders(ordernum,mid,status,options,qnt,totalprice,regdate,togo)values('180601-0615-0001','S-fl-03','결제완료','빵종류/15cm/H/치즈/추가:페퍼로니/야채전체/소스/단품',1,5300,'2018-06-01 06:15','포장');
insert into orders(ordernum,mid,status,options,qnt,totalprice,regdate,togo)values('180601-2100-0002','C-pm-22','결제완료','선택사항x/선택사항x/선택사항x/선택사항x/추가:더블치즈/야채전체/소스/세트',1,10100,'2018-06-01 21:00','포장');
insert into orders(ordernum,mid,status,options,qnt,totalprice,regdate,togo)values('180602-2229-0001','S-fl-22','결제완료','빵종류/15cm/H/치즈/추가:더블업/야채전체/소스/단품',1,7300,'2018-06-02 22:29','포장');
insert into orders(ordernum,mid,status,options,qnt,totalprice,regdate,togo)values('180603-0518-0001','S-pm-14','결제완료','빵종류/15cm/H/치즈/추가:더블업/야채전체/소스/세트',1,9200,'2018-06-03 05:18','포장');
insert into orders(ordernum,mid,status,options,qnt,totalprice,regdate,togo)values('180603-0731-0002','S-cl-07','결제완료','빵종류/30cm/H/치즈/추가:아보카도/야채전체/소스/단품',3,32700,'2018-06-03 07:31','포장');
insert into orders(ordernum,mid,status,options,qnt,totalprice,regdate,togo)values('180603-0757-0003','S-pm-16','결제완료','빵종류/15cm/H/치즈/추가:아보카도/야채전체/소스/단품',1,6900,'2018-06-03 07:57','포장');
insert into orders(ordernum,mid,status,options,qnt,totalprice,regdate,togo)values('180603-1846-0004','S-cl-08','결제완료','빵종류/30cm/H/치즈/추가:더블업/야채전체/소스/단품',3,35100,'2018-06-03 18:46','매장식사');
insert into orders(ordernum,mid,status,options,qnt,totalprice,regdate,togo)values('180604-0435-0001','S-fl-04','결제완료','빵종류/15cm/H/치즈/추가:베이컨/야채전체/소스/단품',1,5400,'2018-06-04 04:35','포장');
insert into orders(ordernum,mid,status,options,qnt,totalprice,regdate,togo)values('180605-1329-0001','S-cl-08','결제완료','빵종류/15cm/H/치즈/추가:페퍼로니/야채전체/소스/세트',1,7600,'2018-06-05 13:29','포장');
insert into orders(ordernum,mid,status,options,qnt,totalprice,regdate,togo)values('180606-0057-0001','S-fl-09','결제완료','빵종류/15cm/H/치즈/추가:더블업/야채전체/소스/세트',2,16600,'2018-06-06 00:57','포장');
insert into orders(ordernum,mid,status,options,qnt,totalprice,regdate,togo)values('180606-0641-0002','S-pm-14','결제완료','빵종류/30cm/H/치즈/추가:더블치즈/야채전체/소스/세트',1,13300,'2018-06-06 06:41','포장');
insert into orders(ordernum,mid,status,options,qnt,totalprice,regdate,togo)values('180606-1145-0003','S-fl-03','결제완료','빵종류/30cm/H/치즈/추가:에그마요/야채전체/소스/세트',1,13100,'2018-06-06 11:45','포장');
insert into orders(ordernum,mid,status,options,qnt,totalprice,regdate,togo)values('180606-1544-0004','S-fl-18','결제완료','빵종류/15cm/H/치즈/추가:더블치즈/야채전체/소스/세트',1,8500,'2018-06-06 15:44','포장');
insert into orders(ordernum,mid,status,options,qnt,totalprice,regdate,togo)values('180607-0045-0001','S-cl-07','결제완료','빵종류/15cm/H/치즈/추가:더블업/야채전체/소스/세트',1,8300,'2018-06-07 00:45','포장');
insert into orders(ordernum,mid,status,options,qnt,totalprice,regdate,togo)values('180607-1719-0002','S-cl-05','결제완료','빵종류/30cm/H/치즈/추가:페퍼로니/야채전체/소스/단품',1,9800,'2018-06-07 17:19','포장');
insert into orders(ordernum,mid,status,options,qnt,totalprice,regdate,togo)values('180608-1344-0001','S-fl-04','결제완료','빵종류/30cm/H/치즈/추가:페퍼로니/야채전체/소스/세트',1,11700,'2018-06-08 13:44','포장');
insert into orders(ordernum,mid,status,options,qnt,totalprice,regdate,togo)values('180610-1558-0001','S-pm-11','결제완료','빵종류/15cm/H/치즈/추가:아보카도/야채전체/소스/단품',1,6400,'2018-06-10 15:58','포장');
insert into orders(ordernum,mid,status,options,qnt,totalprice,regdate,togo)values('180610-2336-0002','S-cl-05','결제완료','빵종류/30cm/H/치즈/추가:아보카도/야채전체/소스/세트',1,12300,'2018-06-10 23:36','포장');
insert into orders(ordernum,mid,status,options,qnt,totalprice,regdate,togo)values('180611-2040-0001','S-fl-03','결제완료','빵종류/15cm/H/치즈/추가:추가없음/야채전체/소스/단품',1,4500,'2018-06-11 20:40','포장');
insert into orders(ordernum,mid,status,options,qnt,totalprice,regdate,togo)values('180613-0943-0001','S-fl-03','결제완료','빵종류/15cm/H/치즈/추가:베이컨/야채전체/소스/세트',1,7300,'2018-06-13 09:43','포장');
insert into orders(ordernum,mid,status,options,qnt,totalprice,regdate,togo)values('180614-1107-0001','S-cl-01','결제완료','빵종류/15cm/H/치즈/추가:아보카도/야채전체/소스/세트',1,7500,'2018-06-14 11:07','포장');
insert into orders(ordernum,mid,status,options,qnt,totalprice,regdate,togo)values('180615-0425-0001','D-SD-03','결제완료','옵션없음',1,1000,'2018-06-15 04:25','포장');
insert into orders(ordernum,mid,status,options,qnt,totalprice,regdate,togo)values('180615-2119-0002','S-fl-22','결제완료','빵종류/15cm/H/치즈/추가:추가없음/야채전체/소스/세트',1,7700,'2018-06-15 21:19','포장');
insert into orders(ordernum,mid,status,options,qnt,totalprice,regdate,togo)values('180616-1303-0001','S-fl-15','결제완료','빵종류/15cm/H/치즈/추가:더블치즈/야채전체/소스/세트',1,8500,'2018-06-16 13:03','포장');
insert into orders(ordernum,mid,status,options,qnt,totalprice,regdate,togo)values('180616-1354-0002','S-fl-09','결제완료','빵종류/15cm/H/치즈/추가:더블업/야채전체/소스/단품',1,6400,'2018-06-16 13:54','포장');
insert into orders(ordernum,mid,status,options,qnt,totalprice,regdate,togo)values('180617-0919-0001','S-pm-20','결제완료','빵종류/30cm/H/치즈/추가:에그마요/야채전체/소스/단품',1,12800,'2018-06-17 09:19','포장');
insert into orders(ordernum,mid,status,options,qnt,totalprice,regdate,togo)values('180617-1314-0002','S-cl-07','결제완료','빵종류/15cm/H/치즈/추가:더블업/야채전체/소스/세트',1,8300,'2018-06-17 13:14','포장');
insert into orders(ordernum,mid,status,options,qnt,totalprice,regdate,togo)values('180618-0033-0001','S-cl-01','결제완료','빵종류/15cm/H/치즈/추가:오믈렛/야채전체/소스/세트',1,7500,'2018-06-18 00:33','포장');
insert into orders(ordernum,mid,status,options,qnt,totalprice,regdate,togo)values('180618-0244-0002','S-fl-04','결제완료','빵종류/15cm/H/치즈/추가:더블치즈/야채전체/소스/세트',3,21600,'2018-06-18 02:44','포장');
insert into orders(ordernum,mid,status,options,qnt,totalprice,regdate,togo)values('180618-0250-0003','S-pm-20','결제완료','빵종류/15cm/H/치즈/추가:오믈렛/야채전체/소스/단품',2,13800,'2018-06-18 02:50','포장');
insert into orders(ordernum,mid,status,options,qnt,totalprice,regdate,togo)values('180618-0601-0004','S-pm-14','결제완료','빵종류/30cm/H/치즈/추가:오믈렛/야채전체/소스/단품',1,12000,'2018-06-18 06:01','포장');
insert into orders(ordernum,mid,status,options,qnt,totalprice,regdate,togo)values('180618-0729-0005','S-pm-21','결제완료','빵종류/15cm/H/치즈/추가:추가없음/야채전체/소스/세트',1,7700,'2018-06-18 07:29','매장식사');
insert into orders(ordernum,mid,status,options,qnt,totalprice,regdate,togo)values('180618-1129-0006','S-pm-21','결제완료','빵종류/30cm/H/치즈/추가:더블업/야채전체/소스/단품',1,12800,'2018-06-18 11:29','매장식사');
insert into orders(ordernum,mid,status,options,qnt,totalprice,regdate,togo)values('180618-2311-0007','S-fl-15','결제완료','빵종류/15cm/H/치즈/추가:아보카도/야채전체/소스/세트',1,8800,'2018-06-18 23:11','포장');
insert into orders(ordernum,mid,status,options,qnt,totalprice,regdate,togo)values('180619-0132-0001','S-fl-09','결제완료','빵종류/15cm/H/치즈/추가:오믈렛/야채전체/소스/단품',1,6000,'2018-06-19 01:32','포장');
insert into orders(ordernum,mid,status,options,qnt,totalprice,regdate,togo)values('180620-1747-0001','S-pm-11','결제완료','빵종류/30cm/H/치즈/추가:추가없음/야채전체/소스/단품',1,9200,'2018-06-20 17:47','포장');
insert into orders(ordernum,mid,status,options,qnt,totalprice,regdate,togo)values('180621-0122-0001','S-pm-10','결제완료','빵종류/30cm/H/치즈/추가:에그마요/야채전체/소스/단품',3,36600,'2018-06-21 01:22','포장');
insert into orders(ordernum,mid,status,options,qnt,totalprice,regdate,togo)values('180621-1312-0002','S-cl-05','결제완료','빵종류/15cm/H/치즈/추가:오믈렛/야채전체/소스/단품',1,5600,'2018-06-21 13:12','포장');
insert into orders(ordernum,mid,status,options,qnt,totalprice,regdate,togo)values('180621-1350-0003','S-pm-11','결제완료','빵종류/30cm/H/치즈/추가:베이컨/야채전체/소스/세트',1,12900,'2018-06-21 13:50','포장');
insert into orders(ordernum,mid,status,options,qnt,totalprice,regdate,togo)values('180621-2223-0004','S-fl-13','결제완료','빵종류/30cm/H/치즈/추가:에그마요/야채전체/소스/세트',1,14100,'2018-06-21 22:23','매장식사');
insert into orders(ordernum,mid,status,options,qnt,totalprice,regdate,togo)values('180623-2006-0001','S-pm-17','결제완료','빵종류/30cm/H/치즈/추가:추가없음/야채전체/소스/단품',1,9800,'2018-06-23 20:06','포장');
insert into orders(ordernum,mid,status,options,qnt,totalprice,regdate,togo)values('180624-0031-0001','S-pm-19','결제완료','빵종류/15cm/H/치즈/추가:페퍼로니/야채전체/소스/단품',1,6600,'2018-06-24 00:31','포장');
insert into orders(ordernum,mid,status,options,qnt,totalprice,regdate,togo)values('180624-0055-0002','S-cl-07','결제완료','빵종류/15cm/H/치즈/추가:에그마요/야채전체/소스/세트',1,8300,'2018-06-24 00:55','매장식사');
insert into orders(ordernum,mid,status,options,qnt,totalprice,regdate,togo)values('180624-0300-0003','S-pm-11','결제완료','빵종류/30cm/H/치즈/추가:더블업/야채전체/소스/단품',1,12200,'2018-06-24 03:00','포장');
insert into orders(ordernum,mid,status,options,qnt,totalprice,regdate,togo)values('180624-0919-0004','S-fl-03','결제완료','빵종류/15cm/H/치즈/추가:오믈렛/야채전체/소스/세트',1,7500,'2018-06-24 09:19','포장');
insert into orders(ordernum,mid,status,options,qnt,totalprice,regdate,togo)values('180624-2259-0005','S-pm-19','결제완료','빵종류/30cm/H/치즈/추가:오믈렛/야채전체/소스/세트',1,13900,'2018-06-24 22:59','포장');
insert into orders(ordernum,mid,status,options,qnt,totalprice,regdate,togo)values('180625-0113-0001','S-fl-09','결제완료','빵종류/15cm/H/치즈/추가:베이컨/야채전체/소스/단품',1,5800,'2018-06-25 01:13','매장식사');
insert into orders(ordernum,mid,status,options,qnt,totalprice,regdate,togo)values('180625-2020-0002','D-SD-06','결제완료','옵션없음',1,1000,'2018-06-25 20:20','포장');
insert into orders(ordernum,mid,status,options,qnt,totalprice,regdate,togo)values('180626-0157-0001','S-pm-14','결제완료','빵종류/30cm/H/치즈/추가:에그마요/야채전체/소스/단품',1,12800,'2018-06-26 01:57','포장');
insert into orders(ordernum,mid,status,options,qnt,totalprice,regdate,togo)values('180626-0642-0001','S-fl-13','결제완료','빵종류/30cm/H/치즈/추가:더블업/야채전체/소스/세트',1,14100,'2018-06-26 06:42','포장');
insert into orders(ordernum,mid,status,options,qnt,totalprice,regdate,togo)values('180626-0706-0002','S-fl-18','결제완료','빵종류/15cm/H/치즈/추가:오믈렛/야채전체/소스/단품',1,6900,'2018-06-26 07:06','포장');
insert into orders(ordernum,mid,status,options,qnt,totalprice,regdate,togo)values('180626-0800-0003','S-cl-07','결제완료','빵종류/30cm/H/치즈/추가:아보카도/야채전체/소스/단품',1,10900,'2018-06-26 08:00','포장');
insert into orders(ordernum,mid,status,options,qnt,totalprice,regdate,togo)values('180626-1251-0004','D-DR-09','결제완료','옵션없음',1,1500,'2018-06-26 12:51','포장');
insert into orders(ordernum,mid,status,options,qnt,totalprice,regdate,togo)values('180627-0932-0001','S-pm-20','결제완료','빵종류/15cm/H/치즈/추가:추가없음/야채전체/소스/단품',1,5800,'2018-06-27 09:32','포장');
insert into orders(ordernum,mid,status,options,qnt,totalprice,regdate,togo)values('180627-1003-0002','S-pm-17','결제완료','빵종류/15cm/H/치즈/추가:에그마요/야채전체/소스/단품',2,14600,'2018-06-27 10:03','포장');
insert into orders(ordernum,mid,status,options,qnt,totalprice,regdate,togo)values('180627-1518-0003','S-fl-18','결제완료','빵종류/30cm/H/치즈/추가:오믈렛/야채전체/소스/단품',1,12000,'2018-06-27 15:18','매장식사');
insert into orders(ordernum,mid,status,options,qnt,totalprice,regdate,togo)values('180628-0058-0001','S-fl-09','결제완료','빵종류/30cm/H/치즈/추가:아보카도/야채전체/소스/세트',1,12800,'2018-06-28 00:58','포장');
insert into orders(ordernum,mid,status,options,qnt,totalprice,regdate,togo)values('180628-0343-0002','S-pm-10','결제완료','빵종류/15cm/H/치즈/추가:더블치즈/야채전체/소스/단품',1,6100,'2018-06-28 03:43','포장');
insert into orders(ordernum,mid,status,options,qnt,totalprice,regdate,togo)values('180628-1315-0003','S-pm-16','결제완료','빵종류/15cm/H/치즈/추가:베이컨/야채전체/소스/단품',1,6700,'2018-06-28 13:15','포장');
insert into orders(ordernum,mid,status,options,qnt,totalprice,regdate,togo)values('180628-1856-0004','S-fl-15','결제완료','빵종류/15cm/H/치즈/추가:추가없음/야채전체/소스/단품',1,5800,'2018-06-28 18:56','포장');
insert into orders(ordernum,mid,status,options,qnt,totalprice,regdate,togo)values('180629-1926-0001','S-fl-03','결제완료','빵종류/15cm/H/치즈/추가:더블치즈/야채전체/소스/세트',1,7200,'2018-06-29 19:26','포장');

--매출테이블
insert into sales(regdate,opentime,closetime,salcount,totalsal)values('2017-01-03','2017-01-03 09:13:29','2017-01-03 21:42:18',' 1',' 6600');
insert into sales(regdate,opentime,closetime,salcount,totalsal)values('2017-01-04','2017-01-04 10:29:15','2017-01-04 21:26:41',' 1',' 9800');
insert into sales(regdate,opentime,closetime,salcount,totalsal)values('2017-01-05','2017-01-05 10:01:13','2017-01-05 20:08:18',' 1',' 8800');
insert into sales(regdate,opentime,closetime,salcount,totalsal)values('2017-01-06','2017-01-06 11:07:57','2017-01-06 22:18:18',' 1',' 9800');
insert into sales(regdate,opentime,closetime,salcount,totalsal)values('2017-01-09','2017-01-09 11:47:18','2017-01-09 20:06:54',' 1',' 11400');
insert into sales(regdate,opentime,closetime,salcount,totalsal)values('2017-01-13','2017-01-13 10:58:03','2017-01-13 20:01:08',' 1',' 12000');
insert into sales(regdate,opentime,closetime,salcount,totalsal)values('2017-01-14','2017-01-14 10:18:04','2017-01-14 20:05:33',' 1',' 12800');
insert into sales(regdate,opentime,closetime,salcount,totalsal)values('2017-01-17','2017-01-17 10:18:21','2017-01-17 21:07:02',' 1',' 13600');
insert into sales(regdate,opentime,closetime,salcount,totalsal)values('2017-01-26','2017-01-26 10:56:59','2017-01-26 22:59:37',' 1',' 11400');
insert into sales(regdate,opentime,closetime,salcount,totalsal)values('2017-01-27','2017-01-27 11:05:52','2017-01-27 22:36:06',' 2',' 16400');
insert into sales(regdate,opentime,closetime,salcount,totalsal)values('2017-02-02','2017-02-02 10:15:55','2017-02-02 21:02:14',' 2',' 25100');
insert into sales(regdate,opentime,closetime,salcount,totalsal)values('2017-02-06','2017-02-06 11:28:04','2017-02-06 21:44:22',' 1',' 6800');
insert into sales(regdate,opentime,closetime,salcount,totalsal)values('2017-02-07','2017-02-07 09:02:59','2017-02-07 22:11:42',' 1',' 6400');
insert into sales(regdate,opentime,closetime,salcount,totalsal)values('2017-02-08','2017-02-08 09:39:15','2017-02-08 22:24:31',' 1',' 9800');
insert into sales(regdate,opentime,closetime,salcount,totalsal)values('2017-02-09','2017-02-09 11:38:53','2017-02-09 21:25:48',' 1',' 13600');
insert into sales(regdate,opentime,closetime,salcount,totalsal)values('2017-02-15','2017-02-15 10:13:25','2017-02-15 21:19:11',' 1',' 12700');
insert into sales(regdate,opentime,closetime,salcount,totalsal)values('2017-02-17','2017-02-17 10:53:44','2017-02-17 22:20:47',' 1',' 6600');
insert into sales(regdate,opentime,closetime,salcount,totalsal)values('2017-02-22','2017-02-22 11:59:35','2017-02-22 21:48:31',' 1',' 6200');
insert into sales(regdate,opentime,closetime,salcount,totalsal)values('2017-02-23','2017-02-23 09:13:19','2017-02-23 22:31:30',' 1',' 6600');
insert into sales(regdate,opentime,closetime,salcount,totalsal)values('2017-02-24','2017-02-24 09:55:39','2017-02-24 21:29:26',' 1',' 12000');
insert into sales(regdate,opentime,closetime,salcount,totalsal)values('2017-02-25','2017-02-25 10:02:07','2017-02-25 22:12:25',' 1',' 11400');
insert into sales(regdate,opentime,closetime,salcount,totalsal)values('2017-02-26','2017-02-26 10:48:37','2017-02-26 22:27:49',' 1',' 9800');
insert into sales(regdate,opentime,closetime,salcount,totalsal)values('2017-02-27','2017-02-27 09:47:10','2017-02-27 22:31:10',' 1',' 13300');
insert into sales(regdate,opentime,closetime,salcount,totalsal)values('2017-03-06','2017-03-06 09:55:33','2017-03-06 21:12:05',' 1',' 11600');
insert into sales(regdate,opentime,closetime,salcount,totalsal)values('2017-03-14','2017-03-14 11:32:34','2017-03-14 20:40:42',' 1',' 6400');
insert into sales(regdate,opentime,closetime,salcount,totalsal)values('2017-03-16','2017-03-16 11:26:11','2017-03-16 20:28:59',' 1',' 4500');
insert into sales(regdate,opentime,closetime,salcount,totalsal)values('2017-03-19','2017-03-19 10:28:49','2017-03-19 20:26:53',' 1',' 13600');
insert into sales(regdate,opentime,closetime,salcount,totalsal)values('2017-03-25','2017-03-25 11:45:41','2017-03-25 22:06:01',' 2',' 18100');
insert into sales(regdate,opentime,closetime,salcount,totalsal)values('2017-04-04','2017-04-04 09:30:24','2017-04-04 21:21:53',' 1',' 5300');
insert into sales(regdate,opentime,closetime,salcount,totalsal)values('2017-04-05','2017-04-05 10:44:21','2017-04-05 22:48:32',' 2',' 15400');
insert into sales(regdate,opentime,closetime,salcount,totalsal)values('2017-04-09','2017-04-09 11:07:18','2017-04-09 21:44:25',' 2',' 24500');
insert into sales(regdate,opentime,closetime,salcount,totalsal)values('2017-04-10','2017-04-10 10:02:08','2017-04-10 21:41:03',' 1',' 10300');
insert into sales(regdate,opentime,closetime,salcount,totalsal)values('2017-04-18','2017-04-18 10:10:55','2017-04-18 22:29:33',' 1',' 12000');
insert into sales(regdate,opentime,closetime,salcount,totalsal)values('2017-04-26','2017-04-26 10:16:15','2017-04-26 21:59:08',' 1',' 7500');
insert into sales(regdate,opentime,closetime,salcount,totalsal)values('2017-05-01','2017-05-01 11:12:01','2017-05-01 20:54:57',' 1',' 1000');
insert into sales(regdate,opentime,closetime,salcount,totalsal)values('2017-05-02','2017-05-02 09:23:45','2017-05-02 22:08:16',' 1',' 11400');
insert into sales(regdate,opentime,closetime,salcount,totalsal)values('2017-05-06','2017-05-06 09:18:30','2017-05-06 22:46:16',' 1',' 13300');
insert into sales(regdate,opentime,closetime,salcount,totalsal)values('2017-05-16','2017-05-16 11:30:51','2017-05-16 20:05:43',' 1',' 9800');
insert into sales(regdate,opentime,closetime,salcount,totalsal)values('2017-05-19','2017-05-19 10:58:10','2017-05-19 20:56:15',' 1',' 11400');
insert into sales(regdate,opentime,closetime,salcount,totalsal)values('2017-05-22','2017-05-22 11:10:48','2017-05-22 22:22:49',' 1',' 13500');
insert into sales(regdate,opentime,closetime,salcount,totalsal)values('2017-05-26','2017-05-26 09:48:34','2017-05-26 21:40:22',' 1',' 11200');
insert into sales(regdate,opentime,closetime,salcount,totalsal)values('2017-05-29','2017-05-29 10:56:20','2017-05-29 20:01:13',' 1',' 27000');
insert into sales(regdate,opentime,closetime,salcount,totalsal)values('2017-06-04','2017-06-04 10:05:44','2017-06-04 20:50:16',' 1',' 6000');
insert into sales(regdate,opentime,closetime,salcount,totalsal)values('2017-06-05','2017-06-05 10:37:41','2017-06-05 20:48:06',' 2',' 16300');
insert into sales(regdate,opentime,closetime,salcount,totalsal)values('2017-06-14','2017-06-14 09:03:56','2017-06-14 21:28:56',' 1',' 7500');
insert into sales(regdate,opentime,closetime,salcount,totalsal)values('2017-06-15','2017-06-15 09:03:54','2017-06-15 21:27:09',' 1',' 7600');
insert into sales(regdate,opentime,closetime,salcount,totalsal)values('2017-06-17','2017-06-17 09:22:07','2017-06-17 20:26:08',' 1',' 6700');
insert into sales(regdate,opentime,closetime,salcount,totalsal)values('2017-06-18','2017-06-18 10:49:18','2017-06-18 20:32:08',' 1',' 5600');
insert into sales(regdate,opentime,closetime,salcount,totalsal)values('2017-06-21','2017-06-21 11:45:51','2017-06-21 21:32:01',' 2',' 23300');
insert into sales(regdate,opentime,closetime,salcount,totalsal)values('2017-06-22','2017-06-22 11:38:20','2017-06-22 21:03:29',' 1',' 12300');
insert into sales(regdate,opentime,closetime,salcount,totalsal)values('2017-07-07','2017-07-07 10:11:22','2017-07-07 21:25:44',' 1',' 12800');
insert into sales(regdate,opentime,closetime,salcount,totalsal)values('2017-07-12','2017-07-12 10:18:03','2017-07-12 22:46:36',' 4',' 36100');
insert into sales(regdate,opentime,closetime,salcount,totalsal)values('2017-07-13','2017-07-13 10:20:16','2017-07-13 21:23:06',' 1',' 13300');
insert into sales(regdate,opentime,closetime,salcount,totalsal)values('2017-07-15','2017-07-15 11:20:31','2017-07-15 21:14:08',' 1',' 6400');
insert into sales(regdate,opentime,closetime,salcount,totalsal)values('2017-07-18','2017-07-18 10:16:10','2017-07-18 20:12:41',' 2',' 24300');
insert into sales(regdate,opentime,closetime,salcount,totalsal)values('2017-07-19','2017-07-19 09:09:35','2017-07-19 20:13:34',' 1',' 12800');
insert into sales(regdate,opentime,closetime,salcount,totalsal)values('2017-07-22','2017-07-22 09:04:49','2017-07-22 20:36:24',' 1',' 20400');
insert into sales(regdate,opentime,closetime,salcount,totalsal)values('2017-07-23','2017-07-23 11:32:57','2017-07-23 21:15:21',' 1',' 8100');
insert into sales(regdate,opentime,closetime,salcount,totalsal)values('2017-07-24','2017-07-24 09:02:56','2017-07-24 20:35:55',' 1',' 6700');
insert into sales(regdate,opentime,closetime,salcount,totalsal)values('2017-07-29','2017-07-29 11:37:08','2017-07-29 21:45:56',' 1',' 10400');
insert into sales(regdate,opentime,closetime,salcount,totalsal)values('2017-07-30','2017-07-30 10:04:36','2017-07-30 21:28:45',' 1',' 11700');
insert into sales(regdate,opentime,closetime,salcount,totalsal)values('2017-07-31','2017-07-31 10:58:37','2017-07-31 22:58:46',' 1',' 7600');
insert into sales(regdate,opentime,closetime,salcount,totalsal)values('2017-08-01','2017-08-01 11:01:38','2017-08-01 20:28:24',' 1',' 12400');
insert into sales(regdate,opentime,closetime,salcount,totalsal)values('2017-08-03','2017-08-03 09:06:08','2017-08-03 21:04:05',' 1',' 11600');
insert into sales(regdate,opentime,closetime,salcount,totalsal)values('2017-08-04','2017-08-04 09:43:12','2017-08-04 22:51:10',' 1',' 8600');
insert into sales(regdate,opentime,closetime,salcount,totalsal)values('2017-08-08','2017-08-08 11:04:35','2017-08-08 21:33:29',' 1',' 2200');
insert into sales(regdate,opentime,closetime,salcount,totalsal)values('2017-08-09','2017-08-09 11:26:48','2017-08-09 21:57:12',' 1',' 9800');
insert into sales(regdate,opentime,closetime,salcount,totalsal)values('2017-08-22','2017-08-22 09:57:10','2017-08-22 20:43:34',' 1',' 6400');
insert into sales(regdate,opentime,closetime,salcount,totalsal)values('2017-08-26','2017-08-26 11:42:33','2017-08-26 20:02:23',' 2',' 32200');
insert into sales(regdate,opentime,closetime,salcount,totalsal)values('2017-08-27','2017-08-27 11:52:32','2017-08-27 22:33:48',' 1',' 13900');
insert into sales(regdate,opentime,closetime,salcount,totalsal)values('2017-08-30','2017-08-30 11:43:13','2017-08-30 22:16:44',' 1',' 7300');
insert into sales(regdate,opentime,closetime,salcount,totalsal)values('2017-09-02','2017-09-02 11:22:14','2017-09-02 22:17:02',' 1',' 11400');
insert into sales(regdate,opentime,closetime,salcount,totalsal)values('2017-09-09','2017-09-09 11:12:04','2017-09-09 21:52:48',' 1',' 11100');
insert into sales(regdate,opentime,closetime,salcount,totalsal)values('2017-09-12','2017-09-12 10:47:06','2017-09-12 21:37:58',' 1',' 5300');
insert into sales(regdate,opentime,closetime,salcount,totalsal)values('2017-09-17','2017-09-17 09:59:18','2017-09-17 20:01:12',' 1',' 14700');
insert into sales(regdate,opentime,closetime,salcount,totalsal)values('2017-09-18','2017-09-18 11:50:09','2017-09-18 20:47:42',' 1',' 10100');
insert into sales(regdate,opentime,closetime,salcount,totalsal)values('2017-09-19','2017-09-19 09:34:16','2017-09-19 21:21:35',' 1',' 10300');
insert into sales(regdate,opentime,closetime,salcount,totalsal)values('2017-09-20','2017-09-20 09:25:56','2017-09-20 20:04:47',' 1',' 1000');
insert into sales(regdate,opentime,closetime,salcount,totalsal)values('2017-09-21','2017-09-21 11:46:04','2017-09-21 21:03:36',' 1',' 12800');
insert into sales(regdate,opentime,closetime,salcount,totalsal)values('2017-09-22','2017-09-22 09:58:20','2017-09-22 22:39:14',' 2',' 29100');
insert into sales(regdate,opentime,closetime,salcount,totalsal)values('2017-10-08','2017-10-08 10:31:58','2017-10-08 20:20:52',' 1',' 7500');
insert into sales(regdate,opentime,closetime,salcount,totalsal)values('2017-10-10','2017-10-10 09:28:25','2017-10-10 21:57:12',' 1',' 10300');
insert into sales(regdate,opentime,closetime,salcount,totalsal)values('2017-10-12','2017-10-12 09:25:22','2017-10-12 21:23:15',' 1',' 6600');
insert into sales(regdate,opentime,closetime,salcount,totalsal)values('2017-10-15','2017-10-15 10:42:23','2017-10-15 20:17:30',' 1',' 11000');
insert into sales(regdate,opentime,closetime,salcount,totalsal)values('2017-10-16','2017-10-16 09:54:07','2017-10-16 20:14:30',' 2',' 12700');
insert into sales(regdate,opentime,closetime,salcount,totalsal)values('2017-10-17','2017-10-17 09:12:45','2017-10-17 21:52:20',' 1',' 13300');
insert into sales(regdate,opentime,closetime,salcount,totalsal)values('2017-10-22','2017-10-22 10:50:55','2017-10-22 20:45:39',' 1',' 13100');
insert into sales(regdate,opentime,closetime,salcount,totalsal)values('2017-11-10','2017-11-10 10:31:03','2017-11-10 22:54:33',' 2',' 30400');
insert into sales(regdate,opentime,closetime,salcount,totalsal)values('2017-11-11','2017-11-11 11:25:53','2017-11-11 22:08:55',' 1',' 5700');
insert into sales(regdate,opentime,closetime,salcount,totalsal)values('2017-11-15','2017-11-15 10:18:06','2017-11-15 20:20:11',' 1',' 13900');
insert into sales(regdate,opentime,closetime,salcount,totalsal)values('2017-11-22','2017-11-22 09:53:22','2017-11-22 20:06:02',' 1',' 8800');
insert into sales(regdate,opentime,closetime,salcount,totalsal)values('2017-11-23','2017-11-23 09:42:09','2017-11-23 21:46:40',' 1',' 14700');
insert into sales(regdate,opentime,closetime,salcount,totalsal)values('2017-11-25','2017-11-25 11:17:11','2017-11-25 22:02:31',' 1',' 19200');
insert into sales(regdate,opentime,closetime,salcount,totalsal)values('2017-11-29','2017-11-29 10:31:50','2017-11-29 22:31:21',' 1',' 27200');
insert into sales(regdate,opentime,closetime,salcount,totalsal)values('2017-11-30','2017-11-30 10:19:19','2017-11-30 21:38:21',' 1',' 27800');
insert into sales(regdate,opentime,closetime,salcount,totalsal)values('2017-12-01','2017-12-01 09:05:16','2017-12-01 20:08:28',' 1',' 5300');
insert into sales(regdate,opentime,closetime,salcount,totalsal)values('2017-12-06','2017-12-06 10:36:27','2017-12-06 21:16:16',' 2',' 14200');
insert into sales(regdate,opentime,closetime,salcount,totalsal)values('2017-12-08','2017-12-08 11:59:34','2017-12-08 20:01:12',' 1',' 9800');
insert into sales(regdate,opentime,closetime,salcount,totalsal)values('2017-12-09','2017-12-09 09:33:26','2017-12-09 20:29:29',' 2',' 28200');
insert into sales(regdate,opentime,closetime,salcount,totalsal)values('2017-12-11','2017-12-11 10:08:43','2017-12-11 22:56:14',' 1',' 6000');
insert into sales(regdate,opentime,closetime,salcount,totalsal)values('2017-12-13','2017-12-13 10:29:04','2017-12-13 20:15:11',' 1',' 6900');
insert into sales(regdate,opentime,closetime,salcount,totalsal)values('2017-12-20','2017-12-20 11:10:35','2017-12-20 22:43:56',' 1',' 12200');
insert into sales(regdate,opentime,closetime,salcount,totalsal)values('2017-12-21','2017-12-21 11:51:43','2017-12-21 21:11:27',' 1',' 8000');
insert into sales(regdate,opentime,closetime,salcount,totalsal)values('2017-12-25','2017-12-25 11:15:44','2017-12-25 20:19:23',' 1',' 39300');
insert into sales(regdate,opentime,closetime,salcount,totalsal)values('2017-12-29','2017-12-29 09:53:06','2017-12-29 22:39:12',' 1',' 27600');
insert into sales(regdate,opentime,closetime,salcount,totalsal)values('2017-12-31','2017-12-31 09:29:52','2017-12-31 21:05:36',' 1',' 9500');
insert into sales(regdate,opentime,closetime,salcount,totalsal)values('2018-01-01','2018-01-01 09:33:32','2018-01-01 21:45:51',' 1',' 9200');
insert into sales(regdate,opentime,closetime,salcount,totalsal)values('2018-01-03','2018-01-03 11:30:53','2018-01-03 20:31:07',' 2',' 32400');
insert into sales(regdate,opentime,closetime,salcount,totalsal)values('2018-01-04','2018-01-04 09:51:48','2018-01-04 20:15:06',' 1',' 21600');
insert into sales(regdate,opentime,closetime,salcount,totalsal)values('2018-01-05','2018-01-05 10:22:14','2018-01-05 22:17:28',' 5',' 44900');
insert into sales(regdate,opentime,closetime,salcount,totalsal)values('2018-01-06','2018-01-06 10:15:42','2018-01-06 20:09:10',' 2',' 15300');
insert into sales(regdate,opentime,closetime,salcount,totalsal)values('2018-01-07','2018-01-07 09:35:03','2018-01-07 22:04:59',' 2',' 18900');
insert into sales(regdate,opentime,closetime,salcount,totalsal)values('2018-01-08','2018-01-08 10:48:23','2018-01-08 22:11:57',' 1',' 11900');
insert into sales(regdate,opentime,closetime,salcount,totalsal)values('2018-01-09','2018-01-09 10:16:19','2018-01-09 20:39:20',' 5',' 46900');
insert into sales(regdate,opentime,closetime,salcount,totalsal)values('2018-01-10','2018-01-10 11:36:47','2018-01-10 21:35:50',' 2',' 21400');
insert into sales(regdate,opentime,closetime,salcount,totalsal)values('2018-01-12','2018-01-12 11:06:39','2018-01-12 21:47:09',' 1',' 10100');
insert into sales(regdate,opentime,closetime,salcount,totalsal)values('2018-01-13','2018-01-13 09:54:23','2018-01-13 22:38:40',' 3',' 23200');
insert into sales(regdate,opentime,closetime,salcount,totalsal)values('2018-01-14','2018-01-14 11:21:56','2018-01-14 22:04:56',' 4',' 28700');
insert into sales(regdate,opentime,closetime,salcount,totalsal)values('2018-01-15','2018-01-15 09:47:53','2018-01-15 22:47:35',' 2',' 20500');
insert into sales(regdate,opentime,closetime,salcount,totalsal)values('2018-01-16','2018-01-16 10:50:08','2018-01-16 20:34:43',' 3',' 35900');
insert into sales(regdate,opentime,closetime,salcount,totalsal)values('2018-01-17','2018-01-17 09:43:47','2018-01-17 22:55:58',' 3',' 22600');
insert into sales(regdate,opentime,closetime,salcount,totalsal)values('2018-01-19','2018-01-19 11:19:09','2018-01-19 22:01:33',' 2',' 19700');
insert into sales(regdate,opentime,closetime,salcount,totalsal)values('2018-01-20','2018-01-20 09:27:26','2018-01-20 21:10:20',' 1',' 11600');
insert into sales(regdate,opentime,closetime,salcount,totalsal)values('2018-01-21','2018-01-21 11:09:26','2018-01-21 22:54:04',' 1',' 6000');
insert into sales(regdate,opentime,closetime,salcount,totalsal)values('2018-01-22','2018-01-22 11:57:46','2018-01-22 22:52:50',' 2',' 22900');
insert into sales(regdate,opentime,closetime,salcount,totalsal)values('2018-01-23','2018-01-23 10:44:28','2018-01-23 22:13:50',' 1',' 6900');
insert into sales(regdate,opentime,closetime,salcount,totalsal)values('2018-01-24','2018-01-24 11:16:17','2018-01-24 21:06:07',' 3',' 53700');
insert into sales(regdate,opentime,closetime,salcount,totalsal)values('2018-01-25','2018-01-25 11:24:09','2018-01-25 22:23:13',' 4',' 39200');
insert into sales(regdate,opentime,closetime,salcount,totalsal)values('2018-01-26','2018-01-26 09:19:01','2018-01-26 22:20:58',' 1',' 13100');
insert into sales(regdate,opentime,closetime,salcount,totalsal)values('2018-01-27','2018-01-27 10:44:07','2018-01-27 22:05:54',' 2',' 31200');
insert into sales(regdate,opentime,closetime,salcount,totalsal)values('2018-01-28','2018-01-28 11:17:05','2018-01-28 21:12:03',' 1',' 10100');
insert into sales(regdate,opentime,closetime,salcount,totalsal)values('2018-01-29','2018-01-29 10:08:58','2018-01-29 22:30:04',' 1',' 3000');
insert into sales(regdate,opentime,closetime,salcount,totalsal)values('2018-01-30','2018-01-30 09:40:49','2018-01-30 21:24:32',' 2',' 18600');
insert into sales(regdate,opentime,closetime,salcount,totalsal)values('2018-01-31','2018-01-31 10:03:15','2018-01-31 22:19:45',' 4',' 48200');
insert into sales(regdate,opentime,closetime,salcount,totalsal)values('2018-02-01','2018-02-01 11:53:33','2018-02-01 21:51:38',' 2',' 24700');
insert into sales(regdate,opentime,closetime,salcount,totalsal)values('2018-02-02','2018-02-02 10:25:42','2018-02-02 22:51:22',' 2',' 22400');
insert into sales(regdate,opentime,closetime,salcount,totalsal)values('2018-02-03','2018-02-03 10:08:14','2018-02-03 20:55:03',' 1',' 21600');
insert into sales(regdate,opentime,closetime,salcount,totalsal)values('2018-02-04','2018-02-04 10:54:05','2018-02-04 21:38:46',' 3',' 25500');
insert into sales(regdate,opentime,closetime,salcount,totalsal)values('2018-02-05','2018-02-05 09:39:01','2018-02-05 21:03:37',' 2',' 32800');
insert into sales(regdate,opentime,closetime,salcount,totalsal)values('2018-02-08','2018-02-08 10:51:13','2018-02-08 22:14:15',' 1',' 6100');
insert into sales(regdate,opentime,closetime,salcount,totalsal)values('2018-02-09','2018-02-09 11:09:33','2018-02-09 21:21:15',' 2',' 16000');
insert into sales(regdate,opentime,closetime,salcount,totalsal)values('2018-02-10','2018-02-10 09:17:27','2018-02-10 20:22:17',' 4',' 31000');
insert into sales(regdate,opentime,closetime,salcount,totalsal)values('2018-02-11','2018-02-11 10:57:41','2018-02-11 21:53:46',' 3',' 31600');
insert into sales(regdate,opentime,closetime,salcount,totalsal)values('2018-02-12','2018-02-12 11:54:05','2018-02-12 22:10:49',' 4',' 39000');
insert into sales(regdate,opentime,closetime,salcount,totalsal)values('2018-02-13','2018-02-13 09:36:11','2018-02-13 20:24:27',' 2',' 16500');
insert into sales(regdate,opentime,closetime,salcount,totalsal)values('2018-02-15','2018-02-15 11:57:22','2018-02-15 22:53:38',' 3',' 23000');
insert into sales(regdate,opentime,closetime,salcount,totalsal)values('2018-02-16','2018-02-16 09:23:03','2018-02-16 21:18:10',' 6',' 53300');
insert into sales(regdate,opentime,closetime,salcount,totalsal)values('2018-02-18','2018-02-18 09:46:30','2018-02-18 22:36:19',' 4',' 36300');
insert into sales(regdate,opentime,closetime,salcount,totalsal)values('2018-02-19','2018-02-19 09:46:46','2018-02-19 20:29:26',' 3',' 28400');
insert into sales(regdate,opentime,closetime,salcount,totalsal)values('2018-02-20','2018-02-20 10:27:14','2018-02-20 21:34:18',' 3',' 54400');
insert into sales(regdate,opentime,closetime,salcount,totalsal)values('2018-02-22','2018-02-22 11:21:57','2018-02-22 21:58:07',' 4',' 32300');
insert into sales(regdate,opentime,closetime,salcount,totalsal)values('2018-02-23','2018-02-23 11:11:42','2018-02-23 21:21:01',' 3',' 26600');
insert into sales(regdate,opentime,closetime,salcount,totalsal)values('2018-02-24','2018-02-24 09:14:17','2018-02-24 22:50:59',' 1',' 5300');
insert into sales(regdate,opentime,closetime,salcount,totalsal)values('2018-02-26','2018-02-26 11:19:29','2018-02-26 22:47:20',' 1',' 34800');
insert into sales(regdate,opentime,closetime,salcount,totalsal)values('2018-02-27','2018-02-27 10:31:31','2018-02-27 21:17:28',' 1',' 7300');
insert into sales(regdate,opentime,closetime,salcount,totalsal)values('2018-03-01','2018-03-01 11:36:16','2018-03-01 22:22:14',' 1',' 11700');
insert into sales(regdate,opentime,closetime,salcount,totalsal)values('2018-03-02','2018-03-02 11:51:54','2018-03-02 21:09:48',' 3',' 41500');
insert into sales(regdate,opentime,closetime,salcount,totalsal)values('2018-03-03','2018-03-03 09:22:29','2018-03-03 22:03:32',' 1',' 8700');
insert into sales(regdate,opentime,closetime,salcount,totalsal)values('2018-03-04','2018-03-04 11:14:18','2018-03-04 20:11:13',' 2',' 19200');
insert into sales(regdate,opentime,closetime,salcount,totalsal)values('2018-03-05','2018-03-05 10:29:31','2018-03-05 20:17:52',' 1',' 17000');
insert into sales(regdate,opentime,closetime,salcount,totalsal)values('2018-03-06','2018-03-06 09:07:42','2018-03-06 20:56:22',' 1',' 12800');
insert into sales(regdate,opentime,closetime,salcount,totalsal)values('2018-03-07','2018-03-07 11:40:46','2018-03-07 21:18:49',' 3',' 43000');
insert into sales(regdate,opentime,closetime,salcount,totalsal)values('2018-03-08','2018-03-08 11:24:26','2018-03-08 20:09:17',' 1',' 13900');
insert into sales(regdate,opentime,closetime,salcount,totalsal)values('2018-03-09','2018-03-09 09:49:28','2018-03-09 22:34:02',' 4',' 41300');
insert into sales(regdate,opentime,closetime,salcount,totalsal)values('2018-03-10','2018-03-10 09:04:09','2018-03-10 20:32:38',' 1',' 4500');
insert into sales(regdate,opentime,closetime,salcount,totalsal)values('2018-03-11','2018-03-11 11:23:37','2018-03-11 21:09:51',' 3',' 28200');
insert into sales(regdate,opentime,closetime,salcount,totalsal)values('2018-03-12','2018-03-12 11:49:36','2018-03-12 20:10:24',' 2',' 17200');
insert into sales(regdate,opentime,closetime,salcount,totalsal)values('2018-03-13','2018-03-13 11:09:27','2018-03-13 21:07:44',' 3',' 44900');
insert into sales(regdate,opentime,closetime,salcount,totalsal)values('2018-03-14','2018-03-14 10:24:40','2018-03-14 22:56:15',' 2',' 9600');
insert into sales(regdate,opentime,closetime,salcount,totalsal)values('2018-03-15','2018-03-15 10:05:13','2018-03-15 20:43:40',' 1',' 13300');
insert into sales(regdate,opentime,closetime,salcount,totalsal)values('2018-03-16','2018-03-16 10:55:48','2018-03-16 21:49:39',' 5',' 52600');
insert into sales(regdate,opentime,closetime,salcount,totalsal)values('2018-03-17','2018-03-17 09:41:28','2018-03-17 22:35:23',' 4',' 39900');
insert into sales(regdate,opentime,closetime,salcount,totalsal)values('2018-03-18','2018-03-18 10:28:12','2018-03-18 22:40:35',' 1',' 8300');
insert into sales(regdate,opentime,closetime,salcount,totalsal)values('2018-03-19','2018-03-19 11:52:21','2018-03-19 21:15:47',' 1',' 13300');
insert into sales(regdate,opentime,closetime,salcount,totalsal)values('2018-03-21','2018-03-21 09:45:19','2018-03-21 22:18:22',' 2',' 17200');
insert into sales(regdate,opentime,closetime,salcount,totalsal)values('2018-03-22','2018-03-22 09:46:41','2018-03-22 20:48:53',' 2',' 12300');
insert into sales(regdate,opentime,closetime,salcount,totalsal)values('2018-03-23','2018-03-23 10:56:59','2018-03-23 20:37:45',' 3',' 32200');
insert into sales(regdate,opentime,closetime,salcount,totalsal)values('2018-03-24','2018-03-24 09:37:43','2018-03-24 20:58:11',' 1',' 12000');
insert into sales(regdate,opentime,closetime,salcount,totalsal)values('2018-03-25','2018-03-25 11:35:17','2018-03-25 22:07:17',' 3',' 33200');
insert into sales(regdate,opentime,closetime,salcount,totalsal)values('2018-03-28','2018-03-28 11:19:16','2018-03-28 22:49:09',' 7',' 64000');
insert into sales(regdate,opentime,closetime,salcount,totalsal)values('2018-03-29','2018-03-29 10:11:02','2018-03-29 21:46:46',' 3',' 36700');
insert into sales(regdate,opentime,closetime,salcount,totalsal)values('2018-03-30','2018-03-30 10:06:32','2018-03-30 20:57:51',' 1',' 6000');
insert into sales(regdate,opentime,closetime,salcount,totalsal)values('2018-03-31','2018-03-31 09:32:55','2018-03-31 21:37:39',' 5',' 56000');
insert into sales(regdate,opentime,closetime,salcount,totalsal)values('2018-04-02','2018-04-02 10:52:45','2018-04-02 22:07:07',' 2',' 33900');
insert into sales(regdate,opentime,closetime,salcount,totalsal)values('2018-04-03','2018-04-03 10:56:17','2018-04-03 21:42:05',' 2',' 15100');
insert into sales(regdate,opentime,closetime,salcount,totalsal)values('2018-04-04','2018-04-04 10:40:51','2018-04-04 22:53:45',' 1',' 11100');
insert into sales(regdate,opentime,closetime,salcount,totalsal)values('2018-04-05','2018-04-05 11:35:12','2018-04-05 20:42:44',' 1',' 5800');
insert into sales(regdate,opentime,closetime,salcount,totalsal)values('2018-04-06','2018-04-06 11:11:17','2018-04-06 22:26:52',' 3',' 29600');
insert into sales(regdate,opentime,closetime,salcount,totalsal)values('2018-04-07','2018-04-07 09:38:30','2018-04-07 20:08:10',' 2',' 17300');
insert into sales(regdate,opentime,closetime,salcount,totalsal)values('2018-04-09','2018-04-09 11:07:49','2018-04-09 22:55:09',' 1',' 10400');
insert into sales(regdate,opentime,closetime,salcount,totalsal)values('2018-04-10','2018-04-10 10:21:24','2018-04-10 22:39:57',' 3',' 36100');
insert into sales(regdate,opentime,closetime,salcount,totalsal)values('2018-04-11','2018-04-11 10:59:45','2018-04-11 20:30:03',' 3',' 43900');
insert into sales(regdate,opentime,closetime,salcount,totalsal)values('2018-04-12','2018-04-12 09:11:58','2018-04-12 20:33:14',' 2',' 12500');
insert into sales(regdate,opentime,closetime,salcount,totalsal)values('2018-04-13','2018-04-13 10:23:20','2018-04-13 22:16:23',' 5',' 45200');
insert into sales(regdate,opentime,closetime,salcount,totalsal)values('2018-04-14','2018-04-14 09:06:22','2018-04-14 21:07:01',' 3',' 31600');
insert into sales(regdate,opentime,closetime,salcount,totalsal)values('2018-04-15','2018-04-15 09:17:28','2018-04-15 20:09:04',' 4',' 52800');
insert into sales(regdate,opentime,closetime,salcount,totalsal)values('2018-04-17','2018-04-17 09:14:39','2018-04-17 20:49:25',' 2',' 20700');
insert into sales(regdate,opentime,closetime,salcount,totalsal)values('2018-04-18','2018-04-18 09:20:02','2018-04-18 22:53:43',' 1',' 12800');
insert into sales(regdate,opentime,closetime,salcount,totalsal)values('2018-04-19','2018-04-19 10:45:47','2018-04-19 20:15:31',' 1',' 6400');
insert into sales(regdate,opentime,closetime,salcount,totalsal)values('2018-04-23','2018-04-23 09:27:59','2018-04-23 22:41:41',' 2',' 24100');
insert into sales(regdate,opentime,closetime,salcount,totalsal)values('2018-04-25','2018-04-25 09:14:54','2018-04-25 20:18:02',' 1',' 1000');
insert into sales(regdate,opentime,closetime,salcount,totalsal)values('2018-04-26','2018-04-26 10:30:38','2018-04-26 20:51:29',' 4',' 37300');
insert into sales(regdate,opentime,closetime,salcount,totalsal)values('2018-04-27','2018-04-27 09:41:05','2018-04-27 21:41:55',' 2',' 14300');
insert into sales(regdate,opentime,closetime,salcount,totalsal)values('2018-04-28','2018-04-28 11:15:40','2018-04-28 20:04:55',' 4',' 53000');
insert into sales(regdate,opentime,closetime,salcount,totalsal)values('2018-04-29','2018-04-29 11:50:12','2018-04-29 20:27:59',' 4',' 41900');
insert into sales(regdate,opentime,closetime,salcount,totalsal)values('2018-04-30','2018-04-30 09:49:05','2018-04-30 21:32:26',' 2',' 22200');
insert into sales(regdate,opentime,closetime,salcount,totalsal)values('2018-05-02','2018-05-02 09:21:07','2018-05-02 20:11:21',' 2',' 18400');
insert into sales(regdate,opentime,closetime,salcount,totalsal)values('2018-05-03','2018-05-03 10:24:01','2018-05-03 20:03:50',' 2',' 20500');
insert into sales(regdate,opentime,closetime,salcount,totalsal)values('2018-05-04','2018-05-04 10:16:02','2018-05-04 21:14:53',' 1',' 13100');
insert into sales(regdate,opentime,closetime,salcount,totalsal)values('2018-05-05','2018-05-05 10:10:52','2018-05-05 22:54:19',' 2',' 17900');
insert into sales(regdate,opentime,closetime,salcount,totalsal)values('2018-05-06','2018-05-06 09:26:52','2018-05-06 22:23:37',' 2',' 19000');
insert into sales(regdate,opentime,closetime,salcount,totalsal)values('2018-05-07','2018-05-07 10:44:02','2018-05-07 21:24:42',' 2',' 19700');
insert into sales(regdate,opentime,closetime,salcount,totalsal)values('2018-05-10','2018-05-10 11:34:54','2018-05-10 20:25:03',' 2',' 14700');
insert into sales(regdate,opentime,closetime,salcount,totalsal)values('2018-05-11','2018-05-11 09:07:25','2018-05-11 20:44:20',' 5',' 40700');
insert into sales(regdate,opentime,closetime,salcount,totalsal)values('2018-05-12','2018-05-12 11:13:25','2018-05-12 21:45:27',' 4',' 35400');
insert into sales(regdate,opentime,closetime,salcount,totalsal)values('2018-05-13','2018-05-13 10:12:31','2018-05-13 22:34:13',' 3',' 31300');
insert into sales(regdate,opentime,closetime,salcount,totalsal)values('2018-05-14','2018-05-14 09:08:24','2018-05-14 21:02:35',' 1',' 11100');
insert into sales(regdate,opentime,closetime,salcount,totalsal)values('2018-05-15','2018-05-15 10:34:29','2018-05-15 22:05:13',' 2',' 15800');
insert into sales(regdate,opentime,closetime,salcount,totalsal)values('2018-05-16','2018-05-16 11:35:44','2018-05-16 21:36:25',' 2',' 15600');
insert into sales(regdate,opentime,closetime,salcount,totalsal)values('2018-05-17','2018-05-17 09:34:38','2018-05-17 20:16:47',' 1',' 26600');
insert into sales(regdate,opentime,closetime,salcount,totalsal)values('2018-05-18','2018-05-18 11:41:11','2018-05-18 20:43:07',' 1',' 11400');
insert into sales(regdate,opentime,closetime,salcount,totalsal)values('2018-05-19','2018-05-19 10:37:11','2018-05-19 21:49:19',' 2',' 18800');
insert into sales(regdate,opentime,closetime,salcount,totalsal)values('2018-05-20','2018-05-20 09:06:40','2018-05-20 21:41:52',' 1',' 38400');
insert into sales(regdate,opentime,closetime,salcount,totalsal)values('2018-05-21','2018-05-21 10:33:19','2018-05-21 20:35:19',' 3',' 26400');
insert into sales(regdate,opentime,closetime,salcount,totalsal)values('2018-05-23','2018-05-23 09:52:40','2018-05-23 21:50:40',' 2',' 18600');
insert into sales(regdate,opentime,closetime,salcount,totalsal)values('2018-05-24','2018-05-24 09:15:01','2018-05-24 21:06:21',' 5',' 61000');
insert into sales(regdate,opentime,closetime,salcount,totalsal)values('2018-05-25','2018-05-25 10:01:14','2018-05-25 22:55:24',' 3',' 30000');
insert into sales(regdate,opentime,closetime,salcount,totalsal)values('2018-05-26','2018-05-26 09:27:32','2018-05-26 21:44:57',' 3',' 30100');
insert into sales(regdate,opentime,closetime,salcount,totalsal)values('2018-05-27','2018-05-27 10:20:20','2018-05-27 22:25:28',' 3',' 27300');
insert into sales(regdate,opentime,closetime,salcount,totalsal)values('2018-05-28','2018-05-28 09:02:51','2018-05-28 21:12:17',' 3',' 25900');
insert into sales(regdate,opentime,closetime,salcount,totalsal)values('2018-05-29','2018-05-29 11:33:50','2018-05-29 20:21:58',' 3',' 31000');
insert into sales(regdate,opentime,closetime,salcount,totalsal)values('2018-05-31','2018-05-31 09:39:50','2018-05-31 22:10:11',' 3',' 20400');
insert into sales(regdate,opentime,closetime,salcount,totalsal)values('2018-06-01','2018-06-01 09:32:57','2018-06-01 22:22:54',' 2',' 15400');
insert into sales(regdate,opentime,closetime,salcount,totalsal)values('2018-06-02','2018-06-02 11:55:39','2018-06-02 20:42:09',' 1',' 7300');
insert into sales(regdate,opentime,closetime,salcount,totalsal)values('2018-06-03','2018-06-03 11:42:30','2018-06-03 21:27:18',' 4',' 83900');
insert into sales(regdate,opentime,closetime,salcount,totalsal)values('2018-06-04','2018-06-04 10:21:58','2018-06-04 22:58:04',' 1',' 5400');
insert into sales(regdate,opentime,closetime,salcount,totalsal)values('2018-06-05','2018-06-05 10:22:21','2018-06-05 21:02:41',' 1',' 7600');
insert into sales(regdate,opentime,closetime,salcount,totalsal)values('2018-06-06','2018-06-06 10:08:13','2018-06-06 20:50:06',' 4',' 51500');
insert into sales(regdate,opentime,closetime,salcount,totalsal)values('2018-06-07','2018-06-07 10:17:06','2018-06-07 20:59:27',' 2',' 18100');
insert into sales(regdate,opentime,closetime,salcount,totalsal)values('2018-06-08','2018-06-08 09:41:10','2018-06-08 21:30:04',' 1',' 11700');
insert into sales(regdate,opentime,closetime,salcount,totalsal)values('2018-06-10','2018-06-10 11:48:43','2018-06-10 22:57:05',' 2',' 5900');
insert into sales(regdate,opentime,closetime,salcount,totalsal)values('2018-06-11','2018-06-11 10:14:46','2018-06-11 20:22:30',' 1',' 4500');
insert into sales(regdate,opentime,closetime,salcount,totalsal)values('2018-06-13','2018-06-13 11:39:12','2018-06-13 22:13:34',' 1',' 7300');
insert into sales(regdate,opentime,closetime,salcount,totalsal)values('2018-06-14','2018-06-14 10:13:21','2018-06-14 22:13:38',' 1',' 7500');
insert into sales(regdate,opentime,closetime,salcount,totalsal)values('2018-06-15','2018-06-15 10:01:15','2018-06-15 20:30:05',' 2',' 8700');
insert into sales(regdate,opentime,closetime,salcount,totalsal)values('2018-06-16','2018-06-16 11:09:47','2018-06-16 21:37:37',' 2',' 14900');
insert into sales(regdate,opentime,closetime,salcount,totalsal)values('2018-06-17','2018-06-17 09:43:50','2018-06-17 20:33:01',' 2',' 21100');
insert into sales(regdate,opentime,closetime,salcount,totalsal)values('2018-06-18','2018-06-18 09:12:24','2018-06-18 22:38:43',' 7',' 84200');
insert into sales(regdate,opentime,closetime,salcount,totalsal)values('2018-06-19','2018-06-19 11:38:02','2018-06-19 22:14:16',' 1',' 6000');
insert into sales(regdate,opentime,closetime,salcount,totalsal)values('2018-06-20','2018-06-20 09:01:23','2018-06-20 21:40:17',' 1',' 9200');
insert into sales(regdate,opentime,closetime,salcount,totalsal)values('2018-06-21','2018-06-21 11:04:08','2018-06-21 20:20:54',' 4',' 69200');
insert into sales(regdate,opentime,closetime,salcount,totalsal)values('2018-06-23','2018-06-23 11:03:06','2018-06-23 20:52:51',' 1',' 9800');
insert into sales(regdate,opentime,closetime,salcount,totalsal)values('2018-06-24','2018-06-24 11:26:36','2018-06-24 22:59:36',' 5',' 48500');
insert into sales(regdate,opentime,closetime,salcount,totalsal)values('2018-06-25','2018-06-25 09:10:37','2018-06-25 20:19:19',' 2',' 6800');
insert into sales(regdate,opentime,closetime,salcount,totalsal)values('2018-06-26','2018-06-26 11:03:34','2018-06-26 22:10:32',' 5',' 46200');
insert into sales(regdate,opentime,closetime,salcount,totalsal)values('2018-06-27','2018-06-27 11:05:38','2018-06-27 21:16:39',' 1','19300');
insert into sales(regdate,opentime,closetime,salcount,totalsal)values('2018-06-28','2018-06-28 09:20:36','2018-06-28 20:19:34',' 4',' 31400');
insert into sales(regdate,opentime,closetime,salcount,totalsal)values('2018-06-29','2018-06-29 09:40:27','2018-06-29 20:13:26',' 1',' 7200');


